STATION,DATE,DATE_STR,LATITUDE,LONGITUDE,ELEVATION,NAME,TEMP,TEMP_C,TEMP_ATTRIBUTES,DEWP,DEWP_ATTRIBUTES,SLP,SLP_ATTRIBUTES,STP,STP_ATTRIBUTES,VISIB,VISIB_ATTRIBUTES,WDSP,WDSP_ATTRIBUTES,MXSPD,GUST,MAX,MAX_C,MAX_ATTRIBUTES,MIN,MIN_C,MIN_ATTRIBUTES,PRCP,PRCP_ATTRIBUTES,SNDP,FRSHTT
54823099999,2019/1/1,2019-01,36.6833333,116.9833333,58,"JINAN TSINAN, CH",26,-3.3,8,4.4,8,1040.1,8,17.8,8,12.5,8,2.9,8,5.8,999.9,34.2,1.2,*,20.3,-6.5, ,0,I,999.9,0
54823099999,2019/1/2,2019-01,36.6833333,116.9833333,58,"JINAN TSINAN, CH",29.1,-1.6,8,7.2,8,1036.6,8,14.5,8,8.9,8,2.4,8,3.9,999.9,38.5,3.6,*,20.3,-6.5, ,0,I,999.9,0
54823099999,2019/1/3,2019-01,36.6833333,116.9833333,58,"JINAN TSINAN, CH",34,1.1,8,15.1,8,1034,8,12.2,8,6.4,8,4.1,8,5.8,999.9,40.8,4.9,*,24.6,-4.1, ,0,I,999.9,0
54823099999,2019/1/4,2019-01,36.6833333,116.9833333,58,"JINAN TSINAN, CH",32.2,0.1,8,9.2,8,1033.4,8,11.5,8,10,8,5.1,8,5.8,999.9,39.2,4,*,27.1,-2.7,*,0,I,999.9,0
54823099999,2019/1/5,2019-01,36.6833333,116.9833333,58,"JINAN TSINAN, CH",30.6,-0.8,8,6.2,8,1032.8,8,10.9,8,17.7,8,4.4,8,7.8,999.9,37.4,3,*,24.4,-4.2,*,0,I,999.9,0
54823099999,2019/1/6,2019-01,36.6833333,116.9833333,58,"JINAN TSINAN, CH",30.9,-0.6,8,16.9,8,1031.9,8,10,8,7.8,8,3.4,8,5.8,999.9,39.6,4.2,*,23.5,-4.7, ,0,I,999.9,0
54823099999,2019/1/7,2019-01,36.6833333,116.9833333,58,"JINAN TSINAN, CH",32.3,0.2,8,12.2,8,1032.8,8,10.9,8,9.3,7,2.9,8,3.9,999.9,40.1,4.5,*,25.7,-3.5, ,0,I,999.9,0
54823099999,2019/1/8,2019-01,36.6833333,116.9833333,58,"JINAN TSINAN, CH",28.9,-1.7,8,-0.3,8,1038.2,8,16.1,8,18.6,8,5.1,8,11.7,999.9,33.3,0.7,*,25.3,-3.7,*,0,I,999.9,0
54823099999,2019/1/9,2019-01,36.6833333,116.9833333,58,"JINAN TSINAN, CH",29,-1.7,8,11.6,8,1032.7,8,10.7,8,16.3,8,3.6,8,7.8,999.9,32,0,*,24.6,-4.1, ,0,I,999.9,0
54823099999,2019/1/10,2019-01,36.6833333,116.9833333,58,"JINAN TSINAN, CH",31.5,-0.3,8,23,8,1027.7,8,5.9,8,6.9,8,3.4,8,5.8,999.9,36,2.2,*,26.2,-3.2, ,0,I,999.9,0
54823099999,2019/1/11,2019-01,36.6833333,116.9833333,58,"JINAN TSINAN, CH",33.4,0.8,8,26.2,8,1024.9,8,3.3,8,6,7,2.4,8,3.9,999.9,36.7,2.6,*,28.9,-1.7,*,0,I,999.9,0
54823099999,2019/1/12,2019-01,36.6833333,116.9833333,58,"JINAN TSINAN, CH",34.1,1.2,8,22.6,8,1026.5,8,4.8,8,3.8,7,2.2,8,3.9,999.9,44.6,7,*,26.6,-3,*,0,I,999.9,0
54823099999,2019/1/13,2019-01,36.6833333,116.9833333,58,"JINAN TSINAN, CH",30.9,-0.6,8,24.7,8,1029.2,8,7.4,8,2.5,8,2.4,8,3.9,999.9,37.4,3,*,25.9,-3.4, ,0,I,999.9,0
54823099999,2019/1/14,2019-01,36.6833333,116.9833333,58,"JINAN TSINAN, CH",32.8,0.4,8,22,8,1029.3,8,7.5,8,3.6,8,3.6,8,9.7,999.9,38.5,3.6,*,26.4,-3.1, ,0,I,999.9,0
54823099999,2019/1/15,2019-01,36.6833333,116.9833333,58,"JINAN TSINAN, CH",22.1,-5.5,8,-10.5,8,1037.1,8,14.7,8,18.6,8,4.6,8,9.7,999.9,25.3,-3.7,*,18.5,-7.5,*,0,I,999.9,0
54823099999,2019/1/16,2019-01,36.6833333,116.9833333,58,"JINAN TSINAN, CH",28.9,-1.7,8,-7.2,8,1029.5,8,7.6,8,18.6,8,4.4,8,7.8,999.9,36,2.2,*,15.8,-9, ,99.99, ,999.9,10000
54823099999,2019/1/17,2019-01,36.6833333,116.9833333,58,"JINAN TSINAN, CH",36.1,2.3,8,1.7,8,1027.3,8,5.7,8,18,8,4.4,8,5.8,999.9,44.8,7.1,*,26.8,-2.9, ,0,I,999.9,0
54823099999,2019/1/18,2019-01,36.6833333,116.9833333,58,"JINAN TSINAN, CH",39.2,4,8,14.7,8,1024.6,8,3.2,8,14.7,8,3.4,8,7.8,999.9,45.3,7.4,*,30.2,-1, ,0,I,999.9,0
54823099999,2019/1/19,2019-01,36.6833333,116.9833333,58,"JINAN TSINAN, CH",34.3,1.3,8,16.7,8,1027.9,8,6.3,8,12.4,8,3.4,8,5.8,999.9,41,5,*,27.1,-2.7,*,0,I,999.9,0
54823099999,2019/1/20,2019-01,36.6833333,116.9833333,58,"JINAN TSINAN, CH",32.8,0.4,8,3.9,8,1032.9,8,11,8,18.6,8,4.4,7,7.8,999.9,40.3,4.6,*,26.8,-2.9, ,0,I,999.9,0
54823099999,2019/1/21,2019-01,36.6833333,116.9833333,58,"JINAN TSINAN, CH",37.9,3.3,8,10.2,8,1024.9,8,3.4,8,12.4,8,3.4,8,5.8,999.9,47.3,8.5,*,27.9,-2.3, ,0,I,999.9,0
54823099999,2019/1/22,2019-01,36.6833333,116.9833333,58,"JINAN TSINAN, CH",41.3,5.2,8,3.1,8,1021.7,8,0.4,8,17.3,8,4.1,8,5.8,999.9,52,11.1,*,31.5,-0.3, ,0,I,999.9,0
54823099999,2019/1/23,2019-01,36.6833333,116.9833333,58,"JINAN TSINAN, CH",42.4,5.8,8,5.6,8,1024.8,8,3.6,8,17.4,8,4.4,8,5.8,999.9,55.8,13.2,*,32.7,0.4, ,0,I,999.9,0
54823099999,2019/1/24,2019-01,36.6833333,116.9833333,58,"JINAN TSINAN, CH",45.5,7.5,8,16.9,8,1025.8,8,4.7,8,10.7,8,5.3,8,7.8,999.9,54.3,12.4,*,33.4,0.8, ,0,I,999.9,0
54823099999,2019/1/25,2019-01,36.6833333,116.9833333,58,"JINAN TSINAN, CH",32.5,0.3,8,8.8,8,1036.8,8,15,8,18.1,8,5.6,8,9.7,999.9,40.1,4.5,*,24.1,-4.4,*,0,I,999.9,0
54823099999,2019/1/26,2019-01,36.6833333,116.9833333,58,"JINAN TSINAN, CH",34.7,1.5,8,2.6,8,1034.3,8,12.5,8,18.2,8,4.1,8,9.7,999.9,43,6.1,*,23,-5, ,0,I,999.9,0
54823099999,2019/1/27,2019-01,36.6833333,116.9833333,58,"JINAN TSINAN, CH",38.1,3.4,8,12.6,8,1026.3,8,4.8,8,15.7,8,5.3,8,13.6,999.9,44.1,6.7,*,30.9,-0.6, ,0,I,999.9,0
54823099999,2019/1/28,2019-01,36.6833333,116.9833333,58,"JINAN TSINAN, CH",37.8,3.2,8,-0.1,8,1028.6,8,7.1,8,18.6,8,3.6,8,5.8,999.9,43.9,6.6,*,31.3,-0.4, ,0,I,999.9,0
54823099999,2019/1/29,2019-01,36.6833333,116.9833333,58,"JINAN TSINAN, CH",42,5.6,8,13.5,8,1025.6,8,4.3,8,14.4,8,4.6,8,9.7,999.9,47.7,8.7,*,33.1,0.6,*,0,I,999.9,0
54823099999,2019/1/30,2019-01,36.6833333,116.9833333,58,"JINAN TSINAN, CH",37.2,2.9,8,17.3,8,1029.2,8,7.7,8,15,8,6.6,8,9.7,999.9,43.2,6.2,*,29.8,-1.2,*,0,I,999.9,0
54823099999,2019/1/31,2019-01,36.6833333,116.9833333,58,"JINAN TSINAN, CH",31.4,-0.3,8,16,8,1031.1,8,9.3,8,17.7,8,5.3,8,7.8,999.9,35.1,1.7,*,29.1,-1.6, ,0,I,999.9,0
54823099999,2019/2/1,2019-02,36.6833333,116.9833333,58,"JINAN TSINAN, CH",38.9,3.8,8,18.6,8,1020.3,8,999,8,14.8,8,7.3,8,11.7,999.9,46.4,8,*,27.3,-2.6, ,0,I,999.9,0
54823099999,2019/2/2,2019-02,36.6833333,116.9833333,58,"JINAN TSINAN, CH",40.6,4.8,8,29.7,8,1013.8,8,992.7,8,8.6,7,5.3,8,11.7,999.9,45.9,7.7, ,33.3,0.7,*,0,I,999.9,0
54823099999,2019/2/3,2019-02,36.6833333,116.9833333,58,"JINAN TSINAN, CH",37.6,3.1,8,12.2,8,1024.5,8,3.1,8,14.6,7,3.9,7,3.9,999.9,43.9,6.6,*,32.2,0.1, ,0,I,999.9,0
54823099999,2019/2/4,2019-02,36.6833333,116.9833333,58,"JINAN TSINAN, CH",47.8,8.8,8,17.5,8,1020.1,8,999.1,8,13.7,8,8.7,8,13.6,999.9,53.8,12.1, ,32.7,0.4, ,0,I,999.9,0
54823099999,2019/2/5,2019-02,36.6833333,116.9833333,58,"JINAN TSINAN, CH",45.7,7.6,8,26.7,8,1014.5,8,993.6,8,9.5,7,3.4,8,3.9,999.9,56.3,13.5,*,32,0,*,0,I,999.9,0
54823099999,2019/2/6,2019-02,36.6833333,116.9833333,58,"JINAN TSINAN, CH",29.5,-1.4,8,24.7,8,1022.3,8,0.7,8,7.2,8,6.3,8,13.6,999.9,33.3,0.7,*,24.4,-4.2,*,0,I,999.9,0
54823099999,2019/2/7,2019-02,36.6833333,116.9833333,58,"JINAN TSINAN, CH",25.3,-3.7,8,7.6,8,1033.3,8,11.1,8,18.6,8,7.3,8,11.7,999.9,30.2,-1,*,22.3,-5.4,*,0,I,999.9,0
54823099999,2019/2/8,2019-02,36.6833333,116.9833333,58,"JINAN TSINAN, CH",25,-3.9,8,11.6,8,1031.7,8,9.6,8,15.2,8,2.4,8,3.9,999.9,27.1,-2.7,*,21.4,-5.9, ,0,I,999.9,0
54823099999,2019/2/9,2019-02,36.6833333,116.9833333,58,"JINAN TSINAN, CH",27.2,-2.7,8,5.7,8,1036.6,8,14.5,8,18.6,8,4.4,8,5.8,999.9,30.7,-0.7,*,21,-6.1, ,0,I,999.9,0
54823099999,2019/2/10,2019-02,36.6833333,116.9833333,58,"JINAN TSINAN, CH",27.9,-2.3,8,14.6,8,1034.4,8,12.3,8,13.6,8,5.1,8,9.7,999.9,30.4,-0.9,*,25,-3.9, ,0,I,999.9,0
54823099999,2019/2/11,2019-02,36.6833333,116.9833333,58,"JINAN TSINAN, CH",33.8,1,8,20.1,8,1032.5,8,10.7,8,9.9,8,3.6,8,7.8,999.9,41,5,*,26.1,-3.3, ,0,I,999.9,0
54823099999,2019/2/12,2019-02,36.6833333,116.9833333,58,"JINAN TSINAN, CH",35.7,2.1,8,24.8,8,1034,8,12.2,8,6.6,8,2.9,8,3.9,999.9,42.1,5.6,*,29.5,-1.4, ,0,I,999.9,0
54823099999,2019/2/13,2019-02,36.6833333,116.9833333,58,"JINAN TSINAN, CH",28.6,-1.9,8,25.1,8,1035.7,8,13.7,8,4.4,7,4.1,8,5.8,999.9,31.3,-0.4,*,26.2,-3.2,*,0.14,G,999.9,1000
54823099999,2019/2/14,2019-02,36.6833333,116.9833333,58,"JINAN TSINAN, CH",30.2,-1,8,27.6,8,1030.9,8,9,8,2.8,8,2.9,8,5.8,999.9,32.4,0.2,*,26.2,-3.2, ,0.06,G,999.9,101000
54823099999,2019/2/15,2019-02,36.6833333,116.9833333,58,"JINAN TSINAN, CH",27.5,-2.5,8,17.8,8,1031.5,8,9.5,8,9.7,8,3.6,8,5.8,999.9,34.7,1.5,*,23,-5,*,0,I,0.8,0
54823099999,2019/2/16,2019-02,36.6833333,116.9833333,58,"JINAN TSINAN, CH",28.4,-2,8,5.4,8,1033.2,8,11.1,8,18.6,8,3.9,8,5.8,999.9,35.1,1.7,*,22.3,-5.4, ,0,I,999.9,0
54823099999,2019/2/17,2019-02,36.6833333,116.9833333,58,"JINAN TSINAN, CH",33.9,1.1,8,7.7,8,1029,8,7.2,8,18.4,8,3.2,8,3.9,999.9,41,5,*,23.5,-4.7, ,0,I,999.9,0
54823099999,2019/2/18,2019-02,36.6833333,116.9833333,58,"JINAN TSINAN, CH",32.3,0.2,8,23.1,8,1023.4,8,1.7,8,11,8,2.7,8,3.9,999.9,35.6,2,*,27.1,-2.7,*,0.01,G,999.9,1000
54823099999,2019/2/19,2019-02,36.6833333,116.9833333,58,"JINAN TSINAN, CH",32.1,0.1,8,26.6,8,1024.6,8,2.9,8,4.1,8,3.1,7,3.9,999.9,40.5,4.7,*,25.9,-3.4, ,0.01,E,999.9,0
54823099999,2019/2/20,2019-02,36.6833333,116.9833333,58,"JINAN TSINAN, CH",35.5,1.9,8,21.3,8,1030.4,8,8.7,8,7.8,8,2.9,8,3.9,999.9,46.6,8.1,*,26.4,-3.1, ,0,I,999.9,0
54823099999,2019/2/21,2019-02,36.6833333,116.9833333,58,"JINAN TSINAN, CH",39.8,4.3,8,19.4,8,1027.9,8,6.5,8,9.7,8,2.4,8,3.9,999.9,49.1,9.5,*,26.8,-2.9, ,0,I,999.9,0
54823099999,2019/2/22,2019-02,36.6833333,116.9833333,58,"JINAN TSINAN, CH",41.1,5.1,8,18.3,8,1027.2,8,5.9,8,8.8,8,3.9,8,7.8,999.9,52.3,11.3, ,32.9,0.5,*,0,I,999.9,0
54823099999,2019/2/23,2019-02,36.6833333,116.9833333,58,"JINAN TSINAN, CH",44.2,6.8,8,17.7,8,1025.7,8,4.5,8,8.6,8,3.2,6,3.9,999.9,56.3,13.5,*,31.8,-0.1, ,0,I,999.9,0
54823099999,2019/2/24,2019-02,36.6833333,116.9833333,58,"JINAN TSINAN, CH",47.2,8.4,8,17.4,8,1023.4,8,2.3,8,8.5,8,4.1,8,5.8,999.9,58.5,14.7,*,37.6,3.1, ,0,I,999.9,0
54823099999,2019/2/25,2019-02,36.6833333,116.9833333,58,"JINAN TSINAN, CH",48.4,9.1,8,22.3,8,1024.8,8,3.7,8,5.8,8,3.4,8,5.8,999.9,57.6,14.2,*,37.9,3.3, ,0,I,999.9,0
54823099999,2019/2/26,2019-02,36.6833333,116.9833333,58,"JINAN TSINAN, CH",45.8,7.7,8,28.4,8,1025.4,8,4.3,8,6,8,2.2,8,3.9,999.9,49.5,9.7,*,41.9,5.5, ,99.99, ,999.9,10000
54823099999,2019/2/27,2019-02,36.6833333,116.9833333,58,"JINAN TSINAN, CH",44.7,7.1,8,29.3,8,1022.7,8,1.6,8,11.3,8,2.7,8,3.9,999.9,50.4,10.2,*,40.1,4.5,*,0,I,999.9,0
54823099999,2019/2/28,2019-02,36.6833333,116.9833333,58,"JINAN TSINAN, CH",47,8.3,8,29.5,8,1022.3,8,1.3,8,8.6,8,3.6,8,3.9,999.9,56.5,13.6,*,39.2,4, ,0,I,999.9,0
54823099999,2019/3/1,2019-03,36.6833333,116.9833333,58,"JINAN TSINAN, CH",47.7,8.7,8,32,8,1023.1,8,2.1,8,5.4,8,3.9,8,5.8,999.9,56.7,13.7,*,39.2,4,*,0,I,999.9,0
54823099999,2019/3/2,2019-03,36.6833333,116.9833333,58,"JINAN TSINAN, CH",49.4,9.7,8,27.1,8,1018.3,8,997.5,8,7.1,8,3.2,8,5.8,999.9,59.2,15.1,*,38.1,3.4, ,0,I,999.9,0
54823099999,2019/3/3,2019-03,36.6833333,116.9833333,58,"JINAN TSINAN, CH",47.9,8.8,8,30.3,8,1015.2,8,994.4,8,8.2,8,3.9,8,5.8,999.9,54.7,12.6,*,40.1,4.5, ,0,I,999.9,0
54823099999,2019/3/4,2019-03,36.6833333,116.9833333,58,"JINAN TSINAN, CH",53.8,12.1,8,34.5,8,1016.7,8,996,8,9.2,8,5.1,8,9.7,999.9,63.9,17.7,*,42.4,5.8, ,0,I,999.9,0
54823099999,2019/3/5,2019-03,36.6833333,116.9833333,58,"JINAN TSINAN, CH",52.9,11.6,8,35.2,8,1018.9,8,998.2,8,6.7,8,3.4,8,5.8,999.9,62.1,16.7,*,45.5,7.5,*,0,I,999.9,0
54823099999,2019/3/6,2019-03,36.6833333,116.9833333,58,"JINAN TSINAN, CH",44,6.7,8,16.8,8,1027,8,5.8,8,18.1,8,6.3,8,9.7,999.9,54.9,12.7,*,32.4,0.2,*,0,I,999.9,0
54823099999,2019/3/7,2019-03,36.6833333,116.9833333,58,"JINAN TSINAN, CH",42.9,6.1,8,18.1,8,1027.6,8,6.3,8,16.4,8,3.2,8,3.9,999.9,53.1,11.7,*,32,0, ,0,I,999.9,0
54823099999,2019/3/8,2019-03,36.6833333,116.9833333,58,"JINAN TSINAN, CH",50.5,10.3,8,17,8,1021.1,8,0.2,8,17.9,8,4.4,8,5.8,999.9,58.5,14.7,*,36.1,2.3, ,0,I,999.9,0
54823099999,2019/3/9,2019-03,36.6833333,116.9833333,58,"JINAN TSINAN, CH",50.7,10.4,8,26.7,8,1017.5,8,996.7,8,15.2,8,3.6,8,5.8,999.9,60.8,16,*,41.4,5.2,*,0,I,999.9,0
54823099999,2019/3/10,2019-03,36.6833333,116.9833333,58,"JINAN TSINAN, CH",53.9,12.2,8,31.7,8,1015,8,994.4,8,11.2,8,5.6,8,11.7,999.9,63.9,17.7,*,40.6,4.8, ,0,I,999.9,0
54823099999,2019/3/11,2019-03,36.6833333,116.9833333,58,"JINAN TSINAN, CH",52.9,11.6,8,19.9,8,1014.5,8,993.9,8,15.1,8,6.3,8,9.7,999.9,60.3,15.7,*,41.9,5.5, ,0,I,999.9,0
54823099999,2019/3/12,2019-03,36.6833333,116.9833333,58,"JINAN TSINAN, CH",44.6,7,8,2.1,8,1021.1,8,0.1,8,18.6,8,4.6,8,9.7,999.9,52.9,11.6, ,39,3.9,*,0,I,999.9,0
54823099999,2019/3/13,2019-03,36.6833333,116.9833333,58,"JINAN TSINAN, CH",53.1,11.7,7,13.9,7,1023.1,7,2.3,7,18.6,7,5.3,7,7.8,999.9,60.3,15.7, ,37.9,3.3, ,0,I,999.9,0
54823099999,2019/3/14,2019-03,36.6833333,116.9833333,58,"JINAN TSINAN, CH",52.4,11.3,8,17.4,8,1022.3,8,1.5,8,18,8,3.2,8,3.9,999.9,62.1,16.7,*,45,7.2,*,0,I,999.9,0
54823099999,2019/3/15,2019-03,36.6833333,116.9833333,58,"JINAN TSINAN, CH",56.4,13.6,8,16,8,1021.8,8,1.2,8,18.6,8,5.8,8,9.7,999.9,61.2,16.2,*,44.2,6.8, ,0,I,999.9,0
54823099999,2019/3/16,2019-03,36.6833333,116.9833333,58,"JINAN TSINAN, CH",59.2,15.1,8,22.5,8,1019.7,8,999.2,8,17.8,8,3.9,8,5.8,999.9,71.4,21.9,*,49.3,9.6,*,0,I,999.9,0
54823099999,2019/3/17,2019-03,36.6833333,116.9833333,58,"JINAN TSINAN, CH",64.2,17.9,8,25.5,8,1019.4,8,999.1,8,18.5,8,7.3,8,15.5,999.9,74.5,23.6, ,49.1,9.5, ,0,I,999.9,0
54823099999,2019/3/18,2019-03,36.6833333,116.9833333,58,"JINAN TSINAN, CH",64.7,18.2,8,38.9,8,1011.7,8,991.7,8,16.2,8,10,8,13.6,999.9,69.8,21,*,58.6,14.8, ,0,I,999.9,0
54823099999,2019/3/19,2019-03,36.6833333,116.9833333,58,"JINAN TSINAN, CH",65.5,18.6,8,41.9,8,1007.7,8,987.7,8,16.9,8,8.5,8,15.5,999.9,72.3,22.4,*,57.2,14,*,99.99, ,999.9,10000
54823099999,2019/3/20,2019-03,36.6833333,116.9833333,58,"JINAN TSINAN, CH",59,15,8,45.3,8,1006.5,8,986.3,8,11.3,8,4.4,8,7.8,999.9,66.6,19.2,*,50,10,*,0.02,G,999.9,10000
54823099999,2019/3/21,2019-03,36.6833333,116.9833333,58,"JINAN TSINAN, CH",45.3,7.4,8,14.8,8,1023.3,8,2.3,8,18.6,8,6.1,8,11.7,999.9,54,12.2, ,36.9,2.7,*,0,G,999.9,0
54823099999,2019/3/22,2019-03,36.6833333,116.9833333,58,"JINAN TSINAN, CH",50.8,10.4,8,18.1,8,1024.9,8,3.9,8,18.6,8,6.6,8,9.7,999.9,57.6,14.2,*,36.1,2.3, ,0,I,999.9,0
54823099999,2019/3/23,2019-03,36.6833333,116.9833333,58,"JINAN TSINAN, CH",46,7.8,8,9,8,1026.7,8,5.6,8,18.6,8,3.6,8,7.8,999.9,53.1,11.7,*,39.6,4.2,*,0,I,999.9,0
54823099999,2019/3/24,2019-03,36.6833333,116.9833333,58,"JINAN TSINAN, CH",57.5,14.2,8,31.3,8,1015.7,8,995.1,8,16.7,8,9.7,8,13.6,999.9,63.7,17.6,*,36.9,2.7, ,0,I,999.9,0
54823099999,2019/3/25,2019-03,36.6833333,116.9833333,58,"JINAN TSINAN, CH",63.4,17.4,8,30.7,8,1013.6,8,993.4,8,17.2,8,4.9,8,7.8,999.9,72.5,22.5,*,53.6,12, ,0,I,999.9,0
54823099999,2019/3/26,2019-03,36.6833333,116.9833333,58,"JINAN TSINAN, CH",69.4,20.8,8,33.8,8,1013.2,8,993.2,8,18.5,8,8,8,11.7,999.9,78.8,26,*,57.9,14.4, ,0,I,999.9,0
54823099999,2019/3/27,2019-03,36.6833333,116.9833333,58,"JINAN TSINAN, CH",62.2,16.8,8,30.2,8,1012.8,8,992.7,8,16.5,8,6.3,8,11.7,999.9,77,25,*,47.7,8.7,*,0,I,999.9,0
54823099999,2019/3/28,2019-03,36.6833333,116.9833333,58,"JINAN TSINAN, CH",48.5,9.2,8,26.9,8,1015,8,994.2,8,18.6,8,4.9,8,7.8,999.9,60.3,15.7, ,41.5,5.3,*,0,G,999.9,10000
54823099999,2019/3/29,2019-03,36.6833333,116.9833333,58,"JINAN TSINAN, CH",49.5,9.7,8,31.4,8,1015.8,8,995,8,13.7,8,4.6,8,9.7,999.9,57.6,14.2,*,41.4,5.2, ,0,I,999.9,0
54823099999,2019/3/30,2019-03,36.6833333,116.9833333,58,"JINAN TSINAN, CH",44.8,7.1,8,6.6,8,1024.3,8,3.2,8,18.6,8,5.6,8,11.7,999.9,52,11.1,*,36.5,2.5,*,0,I,999.9,0
54823099999,2019/3/31,2019-03,36.6833333,116.9833333,58,"JINAN TSINAN, CH",51.1,10.6,8,10.3,8,1024.3,8,3.3,8,18.6,8,4.1,8,9.7,999.9,59,15,*,36.3,2.4, ,0,I,999.9,0
54823099999,2019/4/1,2019-04,36.6833333,116.9833333,58,"JINAN TSINAN, CH",56.3,13.5,8,22.5,8,1021.8,8,1.1,8,18.6,8,6.1,8,9.7,999.9,62.8,17.1,*,44.2,6.8, ,0,I,999.9,0
54823099999,2019/4/2,2019-04,36.6833333,116.9833333,58,"JINAN TSINAN, CH",55.6,13.1,8,26.8,8,1023.7,8,3,8,18.2,8,3.2,8,5.8,999.9,67.1,19.5,*,42.3,5.7,*,0,I,999.9,0
54823099999,2019/4/3,2019-04,36.6833333,116.9833333,58,"JINAN TSINAN, CH",61.9,16.6,8,27.1,8,1022.4,8,2,8,16.8,8,4.6,8,7.8,999.9,70.2,21.2,*,41.7,5.4, ,0,I,999.9,0
54823099999,2019/4/4,2019-04,36.6833333,116.9833333,58,"JINAN TSINAN, CH",65.4,18.6,8,41.2,8,1012.5,8,992.4,8,14.3,8,8.5,8,15.5,999.9,72.9,22.7,*,56.3,13.5, ,0,I,999.9,0
54823099999,2019/4/5,2019-04,36.6833333,116.9833333,58,"JINAN TSINAN, CH",71.1,21.7,8,46,8,1007.3,8,987.5,8,12,8,8.5,8,11.7,999.9,80.1,26.7,*,56.3,13.5, ,0,I,999.9,0
54823099999,2019/4/6,2019-04,36.6833333,116.9833333,58,"JINAN TSINAN, CH",58.6,14.8,8,40,8,1009,8,988.8,8,13.5,8,5.3,8,7.8,999.9,65.3,18.5,*,51.3,10.7,*,0,I,999.9,0
54823099999,2019/4/7,2019-04,36.6833333,116.9833333,58,"JINAN TSINAN, CH",63.6,17.6,8,45.8,8,1010,8,989.9,8,6.9,8,3.2,8,5.8,999.9,72.9,22.7,*,50.5,10.3, ,0,I,999.9,0
54823099999,2019/4/8,2019-04,36.6833333,116.9833333,58,"JINAN TSINAN, CH",53.5,11.9,8,38.9,8,1014.1,8,993.6,8,14,8,5.3,8,9.7,999.9,61.2,16.2,*,43.7,6.5,*,0.05,G,999.9,10000
54823099999,2019/4/9,2019-04,36.6833333,116.9833333,58,"JINAN TSINAN, CH",40.3,4.6,8,36.7,8,1018.8,8,997.7,8,13.7,7,7.5,8,15.5,999.9,51.4,10.8, ,37.8,3.2,*,0.45,G,999.9,10000
54823099999,2019/4/10,2019-04,36.6833333,116.9833333,58,"JINAN TSINAN, CH",49.6,9.8,8,36,8,1018.8,8,998,8,13.6,8,3.2,8,5.8,999.9,58.1,14.5, ,37,2.8, ,0.13,G,999.9,0
54823099999,2019/4/11,2019-04,36.6833333,116.9833333,58,"JINAN TSINAN, CH",49.2,9.6,8,41.8,8,1017.6,8,996.8,8,5.7,7,4.1,8,5.8,999.9,56.5,13.6,*,42.8,6,*,0.04,G,999.9,10000
54823099999,2019/4/12,2019-04,36.6833333,116.9833333,58,"JINAN TSINAN, CH",59.5,15.3,8,38.1,8,1016.4,8,996,8,12.5,8,5.8,8,9.7,999.9,65.3,18.5,*,41.9,5.5, ,0,G,999.9,0
54823099999,2019/4/13,2019-04,36.6833333,116.9833333,58,"JINAN TSINAN, CH",60.3,15.7,8,46.4,8,1016.8,8,996.4,8,8.8,8,5.3,8,11.7,999.9,66.6,19.2,*,51.4,10.8,*,0,I,999.9,0
54823099999,2019/4/14,2019-04,36.6833333,116.9833333,58,"JINAN TSINAN, CH",61.2,16.2,8,21.6,8,1020.9,8,0.5,8,18.6,8,4.1,8,5.8,999.9,68.4,20.2,*,49.6,9.8, ,0,I,999.9,0
54823099999,2019/4/15,2019-04,36.6833333,116.9833333,58,"JINAN TSINAN, CH",65.4,18.6,8,33.2,8,1013.7,8,993.6,8,18.6,8,10.2,8,17.5,999.9,72.9,22.7,*,55,12.8, ,0,I,999.9,0
54823099999,2019/4/16,2019-04,36.6833333,116.9833333,58,"JINAN TSINAN, CH",68,20,8,45,8,1008.8,8,988.9,8,16.5,8,5.1,8,7.8,999.9,76.3,24.6,*,60.1,15.6, ,0,I,999.9,0
54823099999,2019/4/17,2019-04,36.6833333,116.9833333,58,"JINAN TSINAN, CH",75.7,24.3,8,49.3,8,1002.6,8,983,8,17.6,8,14.3,8,23.3,999.9,81.9,27.7,*,62.2,16.8, ,0,I,999.9,0
54823099999,2019/4/18,2019-04,36.6833333,116.9833333,58,"JINAN TSINAN, CH",63.5,17.5,8,29,8,1012.7,8,992.6,8,17.2,8,10.2,8,17.5,999.9,73.8,23.2,*,54.9,12.7,*,0,I,999.9,0
54823099999,2019/4/19,2019-04,36.6833333,116.9833333,58,"JINAN TSINAN, CH",57.4,14.1,8,40.6,8,1015.4,8,995,8,16.3,8,3.2,8,5.8,999.9,63,17.2,*,52.2,11.2,*,0.05,G,999.9,0
54823099999,2019/4/20,2019-04,36.6833333,116.9833333,58,"JINAN TSINAN, CH",65.1,18.4,8,42,8,1011.3,8,991.2,8,14,8,2.9,8,3.9,999.9,75.6,24.2,*,52.3,11.3, ,0.03,E,999.9,0
54823099999,2019/4/21,2019-04,36.6833333,116.9833333,58,"JINAN TSINAN, CH",61.9,16.6,8,49.1,8,1013.3,8,993,8,8.7,8,3.6,8,5.8,999.9,67.1,19.5,*,57.7,14.3, ,0,I,999.9,0
54823099999,2019/4/22,2019-04,36.6833333,116.9833333,58,"JINAN TSINAN, CH",68.6,20.3,8,57.9,8,1011.1,8,991.1,8,9.7,8,3.2,8,5.8,999.9,78.3,25.7,*,57.7,14.3, ,0.01,G,999.9,10000
54823099999,2019/4/23,2019-04,36.6833333,116.9833333,58,"JINAN TSINAN, CH",66.6,19.2,8,61.4,8,1008.5,8,988.5,8,8.2,8,1.9,8,1.9,999.9,72,22.2,*,61.5,16.4, ,0.14,G,999.9,10000
54823099999,2019/4/24,2019-04,36.6833333,116.9833333,58,"JINAN TSINAN, CH",60.9,16.1,8,52.4,8,1009.5,8,989.4,8,11.7,8,6.3,8,13.6,999.9,75.2,24,*,41.9,5.5,*,0.39,G,999.9,10000
54823099999,2019/4/25,2019-04,36.6833333,116.9833333,58,"JINAN TSINAN, CH",46.3,7.9,8,39.9,8,1017.3,8,996.4,8,16.9,8,6.1,8,9.7,999.9,50.4,10.2,*,41.5,5.3, ,0.02,G,999.9,10000
54823099999,2019/4/26,2019-04,36.6833333,116.9833333,58,"JINAN TSINAN, CH",54.4,12.4,8,35.7,8,1022.1,8,1.4,8,18.3,8,4.1,8,7.8,999.9,62.6,17,*,43.2,6.2, ,0,G,999.9,0
54823099999,2019/4/27,2019-04,36.6833333,116.9833333,58,"JINAN TSINAN, CH",49,9.4,8,36,8,1020.9,8,0,8,11.9,8,2.4,8,5.8,999.9,60.1,15.6,*,41.2,5.1,*,0.26,G,999.9,10000
54823099999,2019/4/28,2019-04,36.6833333,116.9833333,58,"JINAN TSINAN, CH",56.8,13.8,8,42.8,8,1017,8,996.5,8,11.9,8,3.6,8,7.8,999.9,64.4,18,*,40.5,4.7, ,0,I,999.9,0
54823099999,2019/4/29,2019-04,36.6833333,116.9833333,58,"JINAN TSINAN, CH",64,17.8,8,48.9,8,1012,8,991.9,8,9,8,3.6,8,5.8,999.9,72.7,22.6,*,51.3,10.7, ,0,I,999.9,0
54823099999,2019/4/30,2019-04,36.6833333,116.9833333,58,"JINAN TSINAN, CH",63.6,17.6,8,41.3,8,1012.8,8,992.7,8,14.9,8,4.1,8,5.8,999.9,74.7,23.7,*,52,11.1,*,0,I,999.9,0
54823099999,2019/5/1,2019-05,36.6833333,116.9833333,58,"JINAN TSINAN, CH",66.5,19.2,8,31.3,8,1015.8,8,995.7,8,18.6,8,4.4,8,7.8,999.9,79,26.1,*,51.8,11, ,0,I,999.9,0
54823099999,2019/5/2,2019-05,36.6833333,116.9833333,58,"JINAN TSINAN, CH",71.2,21.8,8,34.8,8,1016.1,8,996.1,8,18.6,8,4.9,8,7.8,999.9,80.4,26.9,*,54.3,12.4, ,0,I,999.9,0
54823099999,2019/5/3,2019-05,36.6833333,116.9833333,58,"JINAN TSINAN, CH",74.6,23.7,8,38.1,8,1016.3,8,996.5,8,18.6,8,7.8,8,9.7,999.9,81.9,27.7,*,62.2,16.8, ,0,I,999.9,0
54823099999,2019/5/4,2019-05,36.6833333,116.9833333,58,"JINAN TSINAN, CH",70,21.1,8,40.5,8,1014.5,8,994.6,8,18.6,8,6.1,8,9.7,999.9,77.9,25.5,*,59.9,15.5,*,0,I,999.9,0
54823099999,2019/5/5,2019-05,36.6833333,116.9833333,58,"JINAN TSINAN, CH",62.6,17,8,33.8,8,1021.2,8,0.9,8,17,8,8.5,8,17.5,999.9,76.3,24.6, ,51.8,11,*,0,I,999.9,0
54823099999,2019/5/6,2019-05,36.6833333,116.9833333,58,"JINAN TSINAN, CH",61.1,16.2,8,25.4,8,1022.4,8,2,8,18.6,8,3.6,8,5.8,999.9,71.1,21.7,*,50,10, ,0,I,999.9,0
54823099999,2019/5/7,2019-05,36.6833333,116.9833333,58,"JINAN TSINAN, CH",67.8,19.9,8,31.2,8,1015.7,8,995.7,8,18.6,8,6.6,8,11.7,999.9,76.5,24.7,*,50.9,10.5, ,0,I,999.9,0
54823099999,2019/5/8,2019-05,36.6833333,116.9833333,58,"JINAN TSINAN, CH",64.9,18.3,8,36.1,8,1009.8,8,989.7,8,18.6,8,7.3,8,11.7,999.9,71.6,22,*,59,15,*,0,I,999.9,0
54823099999,2019/5/9,2019-05,36.6833333,116.9833333,58,"JINAN TSINAN, CH",71.9,22.2,8,44.6,8,1009.5,8,989.7,8,18.3,8,4.4,8,5.8,999.9,80.6,27,*,58.1,14.5, ,0,I,999.9,0
54823099999,2019/5/10,2019-05,36.6833333,116.9833333,58,"JINAN TSINAN, CH",68.4,20.2,8,52.4,8,1009.5,8,989.7,8,16.3,8,5.1,8,7.8,999.9,76.5,24.7,*,61,16.1,*,0.21,G,999.9,10000
54823099999,2019/5/11,2019-05,36.6833333,116.9833333,58,"JINAN TSINAN, CH",74.2,23.4,8,51.9,8,1010.3,8,990.6,8,16.7,8,2.9,8,5.8,999.9,83.3,28.5,*,60.3,15.7, ,0,I,999.9,0
54823099999,2019/5/12,2019-05,36.6833333,116.9833333,58,"JINAN TSINAN, CH",71.1,21.7,8,53.7,8,1012,8,992.2,8,13.9,8,6.3,8,13.6,999.9,88.2,31.2,*,60.8,16,*,0.23,G,999.9,10000
54823099999,2019/5/13,2019-05,36.6833333,116.9833333,58,"JINAN TSINAN, CH",66.3,19.1,8,39.7,8,1011.9,8,991.9,8,15.9,8,3.9,8,5.8,999.9,75.2,24,*,59.7,15.4, ,0,I,999.9,0
54823099999,2019/5/14,2019-05,36.6833333,116.9833333,58,"JINAN TSINAN, CH",74.6,23.7,8,50.8,8,1008.9,8,989.2,8,14.1,8,4.4,8,7.8,999.9,81,27.2,*,61.7,16.5, ,0,I,999.9,0
54823099999,2019/5/15,2019-05,36.6833333,116.9833333,58,"JINAN TSINAN, CH",76.8,24.9,8,57.6,8,1007.4,8,987.8,8,16,8,5.6,8,9.7,999.9,85.8,29.9, ,69.3,20.7,*,0,I,999.9,0
54823099999,2019/5/16,2019-05,36.6833333,116.9833333,58,"JINAN TSINAN, CH",78.1,25.6,8,61.9,8,1006.3,8,986.8,8,16.2,8,4.6,8,7.8,999.9,88,31.1,*,68.9,20.5, ,0,I,999.9,0
54823099999,2019/5/17,2019-05,36.6833333,116.9833333,58,"JINAN TSINAN, CH",75.8,24.3,8,59.7,8,1006.1,8,986.5,8,18.6,8,5.3,8,11.7,999.9,90,32.2,*,64.8,18.2,*,0,I,999.9,0
54823099999,2019/5/18,2019-05,36.6833333,116.9833333,58,"JINAN TSINAN, CH",74.1,23.4,8,57.9,8,1008.1,8,988.4,8,18.6,8,2.7,8,3.9,999.9,81.5,27.5,*,64.4,18, ,0,I,999.9,0
54823099999,2019/5/19,2019-05,36.6833333,116.9833333,58,"JINAN TSINAN, CH",70.6,21.4,8,32.5,8,1011.8,8,991.9,8,16.9,8,5.8,8,11.7,999.9,79.9,26.6,*,60.4,15.8,*,0,I,999.9,0
54823099999,2019/5/20,2019-05,36.6833333,116.9833333,58,"JINAN TSINAN, CH",70.2,21.2,8,26.1,8,1011.9,8,992,8,18.6,8,6.6,8,11.7,999.9,77.4,25.2,*,59.7,15.4, ,0,I,999.9,0
54823099999,2019/5/21,2019-05,36.6833333,116.9833333,58,"JINAN TSINAN, CH",77.8,25.4,8,34.6,8,1006.7,8,987.2,8,18.6,8,4.1,8,7.8,999.9,85.5,29.7, ,64.9,18.3, ,0,I,999.9,0
54823099999,2019/5/22,2019-05,36.6833333,116.9833333,58,"JINAN TSINAN, CH",87.1,30.6,8,37.6,8,1004.2,8,985,8,18.6,8,5.6,8,9.7,999.9,95,35,*,72.3,22.4, ,0,I,999.9,0
54823099999,2019/5/23,2019-05,36.6833333,116.9833333,58,"JINAN TSINAN, CH",92,33.3,7,37.4,7,1005.6,7,986.6,7,18.6,7,9.2,7,13.6,999.9,99.9,37.7,*,83.1,28.4, ,0,I,999.9,0
54823099999,2019/5/24,2019-05,36.6833333,116.9833333,58,"JINAN TSINAN, CH",84.4,29.1,8,48.4,8,1005.1,8,985.9,8,18.6,8,7,8,9.7,999.9,89.1,31.7,*,78.3,25.7,*,0,I,999.9,0
54823099999,2019/5/25,2019-05,36.6833333,116.9833333,58,"JINAN TSINAN, CH",85.5,29.7,8,61,8,1003.3,8,984.1,8,17.5,8,6.3,8,9.7,999.9,94.1,34.5,*,75.2,24,*,0,I,999.9,0
54823099999,2019/5/26,2019-05,36.6833333,116.9833333,58,"JINAN TSINAN, CH",77.5,25.3,8,63.7,8,1004.2,8,984.8,8,15,8,5.8,8,9.7,999.9,87.3,30.7,*,65.3,18.5,*,0.41,G,999.9,10000
54823099999,2019/5/27,2019-05,36.6833333,116.9833333,58,"JINAN TSINAN, CH",68.2,20.1,8,44.1,8,1016.5,8,996.5,8,18.6,8,4.9,8,9.7,999.9,75.2,24,*,63.3,17.4, ,0,A,999.9,0
54823099999,2019/5/28,2019-05,36.6833333,116.9833333,58,"JINAN TSINAN, CH",75.3,24.1,8,39,8,1014.8,8,995,8,18.6,8,7.3,8,9.7,999.9,84.2,29,*,63.1,17.3, ,0,I,999.9,0
54823099999,2019/5/29,2019-05,36.6833333,116.9833333,58,"JINAN TSINAN, CH",78.6,25.9,8,40.6,8,1010.1,8,990.5,8,18.6,8,7.8,8,13.6,999.9,88,31.1,*,67.6,19.8, ,0,I,999.9,0
54823099999,2019/5/30,2019-05,36.6833333,116.9833333,58,"JINAN TSINAN, CH",73.6,23.1,8,50.6,8,1008.5,8,988.9,8,18.1,8,4.9,8,9.7,999.9,82.4,28,*,63.5,17.5,*,0,I,999.9,0
54823099999,2019/5/31,2019-05,36.6833333,116.9833333,58,"JINAN TSINAN, CH",78.6,25.9,7,35.7,7,1009.8,7,990.3,7,18.6,7,5.3,7,9.7,999.9,85.5,29.7,*,62.8,17.1, ,0,I,999.9,0
54823099999,2019/6/1,2019-06,36.6833333,116.9833333,58,"JINAN TSINAN, CH",81.2,27.3,8,48.6,8,1003.5,8,984.1,8,18.6,8,8,8,11.7,999.9,87.8,31,*,70.3,21.3, ,0.01,G,999.9,0
54823099999,2019/6/2,2019-06,36.6833333,116.9833333,58,"JINAN TSINAN, CH",88.1,31.2,8,54.8,8,998.8,8,979.8,8,18.6,8,11.7,8,15.5,999.9,95.2,35.1,*,73.8,23.2, ,0,G,999.9,0
54823099999,2019/6/3,2019-06,36.6833333,116.9833333,58,"JINAN TSINAN, CH",87,30.6,8,58.2,8,1001.3,8,982.3,8,18.6,8,5.3,8,7.8,999.9,96.8,36,*,79,26.1,*,0,I,999.9,0
54823099999,2019/6/4,2019-06,36.6833333,116.9833333,58,"JINAN TSINAN, CH",88.8,31.6,8,58.4,8,1003.8,8,984.7,8,17.6,8,7.5,8,13.6,999.9,99,37.2,*,75.6,24.2,*,0,I,999.9,0
54823099999,2019/6/5,2019-06,36.6833333,116.9833333,58,"JINAN TSINAN, CH",78,25.6,8,64.3,8,1006.8,8,987.3,8,9,7,5.3,8,9.7,999.9,90.9,32.7,*,68.9,20.5,*,0.12,G,999.9,10000
54823099999,2019/6/6,2019-06,36.6833333,116.9833333,58,"JINAN TSINAN, CH",73.2,22.9,8,55.6,8,1007.3,8,987.6,8,17.9,8,5.3,8,7.8,999.9,82.8,28.2,*,63.9,17.7,*,0.04,E,999.9,0
54823099999,2019/6/7,2019-06,36.6833333,116.9833333,58,"JINAN TSINAN, CH",82.1,27.8,8,57.2,8,1006.1,8,986.7,8,18.6,8,5.8,8,7.8,999.9,88.7,31.5,*,63.7,17.6, ,0,I,999.9,0
54823099999,2019/6/8,2019-06,36.6833333,116.9833333,58,"JINAN TSINAN, CH",85.2,29.6,8,61,8,1001.6,8,982.4,8,18.3,8,6.3,8,13.6,999.9,94.1,34.5,*,77.4,25.2,*,0,I,999.9,0
54823099999,2019/6/9,2019-06,36.6833333,116.9833333,58,"JINAN TSINAN, CH",77.9,25.5,8,50.1,8,1004.5,8,985,8,18.1,8,5.8,8,11.7,999.9,87.3,30.7,*,66.6,19.2,*,0,I,999.9,0
54823099999,2019/6/10,2019-06,36.6833333,116.9833333,58,"JINAN TSINAN, CH",81.4,27.4,8,50,8,1006.6,8,987.2,8,18.6,8,3.4,8,5.8,999.9,90,32.2,*,66.2,19, ,0,I,999.9,0
54823099999,2019/6/11,2019-06,36.6833333,116.9833333,58,"JINAN TSINAN, CH",87.5,30.8,8,50.8,8,1006.5,8,987.4,8,18.6,8,4.9,8,9.7,999.9,96.1,35.6,*,73.2,22.9, ,0,I,999.9,0
54823099999,2019/6/12,2019-06,36.6833333,116.9833333,58,"JINAN TSINAN, CH",87.7,30.9,8,53.4,8,1005.8,8,986.6,8,18.6,8,6.6,8,9.7,999.9,97.3,36.3,*,79,26.1,*,0,I,999.9,0
54823099999,2019/6/13,2019-06,36.6833333,116.9833333,58,"JINAN TSINAN, CH",84.7,29.3,8,56.5,8,1004.9,8,985.7,8,18.6,8,4.4,8,5.8,999.9,95.9,35.5,*,76.1,24.5,*,0.01,G,999.9,10000
54823099999,2019/6/14,2019-06,36.6833333,116.9833333,58,"JINAN TSINAN, CH",85,29.4,8,56.9,8,1003.9,8,984.7,8,18.6,8,3.9,8,5.8,999.9,95.4,35.2,*,75,23.9,*,0.01,E,999.9,0
54823099999,2019/6/15,2019-06,36.6833333,116.9833333,58,"JINAN TSINAN, CH",88.2,31.2,8,55.5,8,1003.8,8,984.7,8,18.6,8,4.4,8,7.8,999.9,97.7,36.5,*,74.8,23.8, ,0,I,999.9,0
54823099999,2019/6/16,2019-06,36.6833333,116.9833333,58,"JINAN TSINAN, CH",82.5,28.1,8,56.2,8,1006.7,8,987.4,8,18.6,8,3.4,8,5.8,999.9,95,35,*,67.8,19.9,*,0,I,999.9,0
54823099999,2019/6/17,2019-06,36.6833333,116.9833333,58,"JINAN TSINAN, CH",86,30,8,61.1,8,1006.5,8,987.3,8,17.9,8,3.9,8,5.8,999.9,93.2,34,*,67.1,19.5, ,0,I,999.9,0
54823099999,2019/6/18,2019-06,36.6833333,116.9833333,58,"JINAN TSINAN, CH",89.4,31.9,8,61.5,8,1003.9,8,984.8,8,18.6,8,3.9,8,5.8,999.9,97.2,36.2,*,80.1,26.7, ,0,I,999.9,0
54823099999,2019/6/19,2019-06,36.6833333,116.9833333,58,"JINAN TSINAN, CH",87.1,30.6,8,64.1,8,1004.2,8,985.1,8,18.5,8,6.6,8,15.5,999.9,97.7,36.5,*,81.5,27.5, ,0,I,999.9,0
54823099999,2019/6/20,2019-06,36.6833333,116.9833333,58,"JINAN TSINAN, CH",81,27.2,8,69.3,8,1004.7,8,985.4,8,10.4,8,4.6,8,13.6,999.9,93,33.9,*,72.9,22.7,*,0.21,G,999.9,10000
54823099999,2019/6/21,2019-06,36.6833333,116.9833333,58,"JINAN TSINAN, CH",84.1,28.9,8,64.7,8,1007,8,987.7,8,13.4,8,5.1,8,11.7,999.9,96.1,35.6, ,73,22.8, ,0,E,999.9,0
54823099999,2019/6/22,2019-06,36.6833333,116.9833333,58,"JINAN TSINAN, CH",83.2,28.4,8,52.9,8,1008.4,8,989,8,18.6,8,5.6,8,9.7,999.9,91.8,33.2,*,71.6,22,*,0,I,999.9,0
54823099999,2019/6/23,2019-06,36.6833333,116.9833333,58,"JINAN TSINAN, CH",86.8,30.4,8,52.9,8,1008.5,8,989.3,8,18.6,8,4.9,8,7.8,999.9,95.9,35.5,*,71.6,22, ,0,I,999.9,0
54823099999,2019/6/24,2019-06,36.6833333,116.9833333,58,"JINAN TSINAN, CH",87.6,30.9,8,56,8,1007.6,8,988.4,8,18.4,8,4.4,8,7.8,999.9,97.2,36.2,*,76.5,24.7,*,0,I,999.9,0
54823099999,2019/6/25,2019-06,36.6833333,116.9833333,58,"JINAN TSINAN, CH",83.5,28.6,8,56.4,8,1007.3,8,988,8,17.6,8,4.9,8,7.8,999.9,94.1,34.5,*,72,22.2,*,0,I,999.9,0
54823099999,2019/6/26,2019-06,36.6833333,116.9833333,58,"JINAN TSINAN, CH",84.4,29.1,8,58.4,8,1003.2,8,984,8,18.2,8,4.1,8,5.8,999.9,91.6,33.1,*,71.8,22.1, ,0,I,999.9,0
54823099999,2019/6/27,2019-06,36.6833333,116.9833333,58,"JINAN TSINAN, CH",86.2,30.1,8,62.4,8,999.3,8,980.2,8,17.9,8,3.2,8,3.9,999.9,92.7,33.7,*,76.3,24.6, ,0.01,G,999.9,10000
54823099999,2019/6/28,2019-06,36.6833333,116.9833333,58,"JINAN TSINAN, CH",72.5,22.5,8,68.9,8,999.1,8,979.6,8,5.4,8,3.9,8,5.8,999.9,73.6,23.1,*,70,21.1,*,0.39,G,999.9,10000
54823099999,2019/6/29,2019-06,36.6833333,116.9833333,58,"JINAN TSINAN, CH",85.5,29.7,8,66,8,997.3,8,978.1,8,14.8,8,3.4,8,5.8,999.9,94.5,34.7,*,70,21.1, ,0.33,G,999.9,0
54823099999,2019/6/30,2019-06,36.6833333,116.9833333,58,"JINAN TSINAN, CH",82.7,28.2,8,56,8,1002.9,8,983.6,8,18.6,8,4.6,8,9.7,999.9,94.5,34.7, ,71.6,22,*,0,G,999.9,0
54823099999,2019/7/1,2019-07,36.6833333,116.9833333,58,"JINAN TSINAN, CH",86.4,30.2,8,51.8,8,1006.4,8,987.2,8,18.6,8,4.1,8,5.8,999.9,95.2,35.1,*,71.6,22, ,0,I,999.9,0
54823099999,2019/7/2,2019-07,36.6833333,116.9833333,58,"JINAN TSINAN, CH",87.1,30.6,8,60.6,8,1005.9,8,986.7,8,15.7,8,6.3,8,11.7,999.9,99.9,37.7,*,71.6,22,*,0.17,G,999.9,10000
54823099999,2019/7/3,2019-07,36.6833333,116.9833333,58,"JINAN TSINAN, CH",87.4,30.8,8,61.7,8,1006,8,986.8,8,18.6,8,3.6,8,5.8,999.9,96.1,35.6,*,71.4,21.9, ,0,G,999.9,0
54823099999,2019/7/4,2019-07,36.6833333,116.9833333,58,"JINAN TSINAN, CH",88.5,31.4,8,59.6,8,1001.6,8,982.6,8,18.6,8,8.5,8,9.7,999.9,95.4,35.2,*,81.5,27.5, ,0,G,999.9,0
54823099999,2019/7/5,2019-07,36.6833333,116.9833333,58,"JINAN TSINAN, CH",88.6,31.4,8,58.8,8,995.9,8,977,8,17.3,8,10.9,8,15.5,999.9,97.7,36.5,*,72,22.2,*,0.48,G,999.9,0
54823099999,2019/7/6,2019-07,36.6833333,116.9833333,58,"JINAN TSINAN, CH",69.5,20.8,8,63,8,1000.8,8,981.1,8,10.4,8,4.1,8,9.7,999.9,76.1,24.5,*,64.2,17.9, ,2.21,G,999.9,10000
54823099999,2019/7/7,2019-07,36.6833333,116.9833333,58,"JINAN TSINAN, CH",72.4,22.4,8,64.2,8,1007.2,8,987.5,8,12,8,5.6,8,7.8,999.9,80.2,26.8, ,66.4,19.1, ,1.87,G,999.9,0
54823099999,2019/7/8,2019-07,36.6833333,116.9833333,58,"JINAN TSINAN, CH",78.2,25.7,8,64.3,8,1007.8,8,988.2,8,15.9,8,3.6,8,5.8,999.9,82.4,28,*,67.6,19.8, ,0,G,999.9,0
54823099999,2019/7/9,2019-07,36.6833333,116.9833333,58,"JINAN TSINAN, CH",75.4,24.1,8,66.8,8,1005.1,8,985.6,8,8.9,8,1.9,7,1.9,999.9,81.5,27.5, ,71.1,21.7,*,99.99, ,999.9,10000
54823099999,2019/7/10,2019-07,36.6833333,116.9833333,58,"JINAN TSINAN, CH",73.6,23.1,8,67.1,8,1006.1,8,986.5,8,6.9,8,2.7,8,3.9,999.9,84.4,29.1, ,69.1,20.6,*,0.01,G,999.9,10000
54823099999,2019/7/11,2019-07,36.6833333,116.9833333,58,"JINAN TSINAN, CH",78.3,25.7,8,64.8,8,1007,8,987.5,8,13.8,8,3.2,8,5.8,999.9,86.4,30.2,*,68.5,20.3, ,0,I,999.9,0
54823099999,2019/7/12,2019-07,36.6833333,116.9833333,58,"JINAN TSINAN, CH",79.1,26.2,8,65.9,8,1003.4,8,984,8,13.8,8,4.1,8,5.8,999.9,87.1,30.6,*,71.8,22.1, ,0,I,999.9,0
54823099999,2019/7/13,2019-07,36.6833333,116.9833333,58,"JINAN TSINAN, CH",84.1,28.9,8,66.1,8,1000.7,8,981.5,8,18.3,8,2.9,8,3.9,999.9,92.3,33.5,*,72,22.2, ,0,I,999.9,0
54823099999,2019/7/14,2019-07,36.6833333,116.9833333,58,"JINAN TSINAN, CH",84.3,29.1,8,67.1,8,1002.1,8,982.9,8,17,8,3.9,8,7.8,999.9,91.4,33,*,77.9,25.5, ,99.99, ,999.9,10000
54823099999,2019/7/15,2019-07,36.6833333,116.9833333,58,"JINAN TSINAN, CH",85.5,29.7,8,68,8,1005,8,985.8,8,14.4,8,2.9,8,5.8,999.9,93.4,34.1,*,77.4,25.2,*,0,I,999.9,0
54823099999,2019/7/16,2019-07,36.6833333,116.9833333,58,"JINAN TSINAN, CH",86.4,30.2,8,68.5,8,1006.5,8,987.3,8,13.3,8,3.2,8,5.8,999.9,93.4,34.1,*,76.8,24.9, ,0,I,999.9,0
54823099999,2019/7/17,2019-07,36.6833333,116.9833333,58,"JINAN TSINAN, CH",80.3,26.8,8,71.4,8,1006.7,8,987.3,8,7.5,8,4.9,8,7.8,999.9,87.1,30.6,*,72.9,22.7,*,0.28,G,999.9,0
54823099999,2019/7/18,2019-07,36.6833333,116.9833333,58,"JINAN TSINAN, CH",82.6,28.1,8,68.3,8,1005.1,8,985.8,8,15.1,8,4.9,8,7.8,999.9,90.5,32.5,*,72.7,22.6, ,0,I,999.9,0
54823099999,2019/7/19,2019-07,36.6833333,116.9833333,58,"JINAN TSINAN, CH",86.3,30.2,8,70.9,8,1003.2,8,984,8,18.6,8,3.4,8,5.8,999.9,94.5,34.7,*,73.8,23.2, ,0,I,999.9,0
54823099999,2019/7/20,2019-07,36.6833333,116.9833333,58,"JINAN TSINAN, CH",81.6,27.6,8,72.3,8,1003.3,8,984,8,12.1,8,2.9,8,3.9,999.9,95.2,35.1,*,73.4,23,*,0.48,G,999.9,10000
54823099999,2019/7/21,2019-07,36.6833333,116.9833333,58,"JINAN TSINAN, CH",88,31.1,8,70.7,8,1003.3,8,984.2,8,16.3,8,3.6,8,5.8,999.9,96.1,35.6,*,72.9,22.7, ,0,I,999.9,0
54823099999,2019/7/22,2019-07,36.6833333,116.9833333,58,"JINAN TSINAN, CH",88.7,31.5,8,73.3,8,1000.7,8,981.6,8,14.6,8,6.3,8,11.7,999.9,95,35,*,79.7,26.5,*,0.14,G,999.9,10000
54823099999,2019/7/23,2019-07,36.6833333,116.9833333,58,"JINAN TSINAN, CH",84.9,29.4,8,76.6,8,999.2,8,980.1,8,12.4,8,4.4,8,7.8,999.9,91.4,33,*,77.5,25.3, ,0.63,G,999.9,0
54823099999,2019/7/24,2019-07,36.6833333,116.9833333,58,"JINAN TSINAN, CH",90.8,32.7,8,72.3,8,1001,8,982,8,17,8,2.7,8,5.8,999.9,100.4,38,*,77.7,25.4, ,0,G,999.9,0
54823099999,2019/7/25,2019-07,36.6833333,116.9833333,58,"JINAN TSINAN, CH",85.8,29.9,8,73.2,8,1001.1,8,982,8,17.3,8,4.1,8,7.8,999.9,91.8,33.2,*,80.1,26.7,*,0,I,999.9,0
54823099999,2019/7/26,2019-07,36.6833333,116.9833333,58,"JINAN TSINAN, CH",90.6,32.6,8,71.5,8,1000.6,8,981.6,8,16.9,8,3.6,8,5.8,999.9,99.5,37.5,*,79.9,26.6, ,0,I,999.9,0
54823099999,2019/7/27,2019-07,36.6833333,116.9833333,58,"JINAN TSINAN, CH",84.2,29,8,73.6,8,1001,8,981.8,8,14.7,8,3.9,8,5.8,999.9,98.6,37, ,74.3,23.5,*,0.37,G,999.9,10000
54823099999,2019/7/28,2019-07,36.6833333,116.9833333,58,"JINAN TSINAN, CH",90.7,32.6,8,76.7,8,1001.8,8,982.8,8,18.1,8,3.4,8,5.8,999.9,97.7,36.5,*,74.1,23.4, ,0.01,E,999.9,0
54823099999,2019/7/29,2019-07,36.6833333,116.9833333,58,"JINAN TSINAN, CH",86.1,30.1,8,75.7,8,1001.5,8,982.4,8,16.2,8,6.6,8,11.7,999.9,97.7,36.5, ,76.1,24.5,*,0.76,G,999.9,10000
54823099999,2019/7/30,2019-07,36.6833333,116.9833333,58,"JINAN TSINAN, CH",82.8,28.2,8,73.9,8,1003.4,8,984.1,8,16.1,8,3.6,8,5.8,999.9,89.8,32.1,*,75.4,24.1, ,0.02,G,999.9,0
54823099999,2019/7/31,2019-07,36.6833333,116.9833333,58,"JINAN TSINAN, CH",85.1,29.5,8,73.2,8,1005.6,8,986.3,8,18.6,8,3.4,8,5.8,999.9,90.5,32.5,*,78.3,25.7,*,0,I,999.9,0
54823099999,2019/8/1,2019-08,36.6833333,116.9833333,58,"JINAN TSINAN, CH",84.8,29.3,8,71.8,8,1007.6,8,988.3,8,17.2,8,3.9,8,5.8,999.9,93.2,34,*,73.6,23.1,*,0.07,G,999.9,10000
54823099999,2019/8/2,2019-08,36.6833333,116.9833333,58,"JINAN TSINAN, CH",76.6,24.8,8,72.7,8,1008.5,8,988.9,8,10.5,7,2.9,8,3.9,999.9,79.7,26.5,*,73.2,22.9, ,0.09,G,999.9,10000
54823099999,2019/8/3,2019-08,36.6833333,116.9833333,58,"JINAN TSINAN, CH",81.8,27.7,8,73.6,8,1008.7,8,989.2,8,9.2,8,2.7,8,3.9,999.9,87.8,31,*,74.8,23.8, ,0.13,G,999.9,0
54823099999,2019/8/4,2019-08,36.6833333,116.9833333,58,"JINAN TSINAN, CH",84.1,28.9,8,71.2,8,1007.5,8,988.2,8,17.1,8,4.1,8,5.8,999.9,90.7,32.6,*,78.1,25.6, ,0.12,G,999.9,0
54823099999,2019/8/5,2019-08,36.6833333,116.9833333,58,"JINAN TSINAN, CH",82.4,28,8,72.9,8,1006.9,8,987.5,8,18.6,8,3.9,8,5.8,999.9,86.4,30.2,*,78.1,25.6, ,0.13,G,999.9,0
54823099999,2019/8/6,2019-08,36.6833333,116.9833333,58,"JINAN TSINAN, CH",80.6,27,8,75.1,8,1005.2,8,985.9,8,9.8,8,3.4,8,3.9,999.9,89.1,31.7,*,77,25,*,1.31,G,999.9,10000
54823099999,2019/8/7,2019-08,36.6833333,116.9833333,58,"JINAN TSINAN, CH",77.7,25.4,8,73,8,1004.8,8,985.3,8,13,8,2.9,8,3.9,999.9,81.9,27.7,*,73.8,23.2,*,0.44,G,999.9,10000
54823099999,2019/8/8,2019-08,36.6833333,116.9833333,58,"JINAN TSINAN, CH",83.3,28.5,8,74.2,8,1005.6,8,986.3,8,11.5,8,3.9,8,5.8,999.9,88.2,31.2,*,73.8,23.2, ,0.12,G,999.9,0
54823099999,2019/8/9,2019-08,36.6833333,116.9833333,58,"JINAN TSINAN, CH",83.5,28.6,8,75.6,8,1003.4,8,984.2,8,13,8,3.9,8,7.8,999.9,91.4,33,*,78.3,25.7,*,0.07,G,999.9,10000
54823099999,2019/8/10,2019-08,36.6833333,116.9833333,58,"JINAN TSINAN, CH",75.3,24.1,8,72.7,8,1001.3,8,981.9,8,8.4,7,5.1,8,9.7,999.9,81.5,27.5,*,72.5,22.5,*,1.07,G,999.9,10000
54823099999,2019/8/11,2019-08,36.6833333,116.9833333,58,"JINAN TSINAN, CH",70.5,21.4,8,69.5,8,993.3,8,974,4,3.6,7,8.7,8,13.6,999.9,71.6,22,*,68.9,20.5,*,7.8,G,999.9,10000
54823099999,2019/8/12,2019-08,36.6833333,116.9833333,58,"JINAN TSINAN, CH",69.5,20.8,8,68.3,8,996.7,8,977.3,6,8.2,7,6.1,8,11.7,999.9,71.1,21.7,*,68.4,20.2,*,2.63,G,999.9,10000
54823099999,2019/8/13,2019-08,36.6833333,116.9833333,58,"JINAN TSINAN, CH",70.7,21.5,8,69.9,8,1002.6,8,982.9,8,4.5,8,2.7,8,3.9,999.9,72.5,22.5,*,68.2,20.1, ,0.53,G,999.9,10000
54823099999,2019/8/14,2019-08,36.6833333,116.9833333,58,"JINAN TSINAN, CH",77.6,25.3,8,69.4,8,1002.3,8,982.9,8,14.8,8,3.2,8,5.8,999.9,84.6,29.2,*,68.9,20.5,*,0.35,G,999.9,0
54823099999,2019/8/15,2019-08,36.6833333,116.9833333,58,"JINAN TSINAN, CH",80.3,26.8,8,67.1,8,998.5,8,979.2,8,18.6,8,3.2,8,3.9,999.9,90.5,32.5, ,68.4,20.2, ,0,G,999.9,0
54823099999,2019/8/16,2019-08,36.6833333,116.9833333,58,"JINAN TSINAN, CH",71.7,22.1,8,63.6,8,1001.4,8,981.8,8,17,8,4.1,8,5.8,999.9,81.1,27.3, ,65.3,18.5,*,0.16,G,999.9,10000
54823099999,2019/8/17,2019-08,36.6833333,116.9833333,58,"JINAN TSINAN, CH",75.6,24.2,8,57.1,8,1005.5,8,985.9,8,18.6,8,5.3,8,9.7,999.9,86.2,30.1,*,64.8,18.2,*,0,G,999.9,0
54823099999,2019/8/18,2019-08,36.6833333,116.9833333,58,"JINAN TSINAN, CH",80,26.7,8,57.7,8,1008.2,8,988.7,8,18.6,8,3.9,8,5.8,999.9,89.8,32.1,*,64.8,18.2, ,0,I,999.9,0
54823099999,2019/8/19,2019-08,36.6833333,116.9833333,58,"JINAN TSINAN, CH",80.9,27.2,8,61.1,8,1009.7,8,990.3,8,18.6,8,4.1,8,5.8,999.9,89.8,32.1,*,68.4,20.2,*,0,I,999.9,0
54823099999,2019/8/20,2019-08,36.6833333,116.9833333,58,"JINAN TSINAN, CH",81.7,27.6,8,62.5,8,1007.5,8,988.1,8,18.6,8,3.6,8,5.8,999.9,88.2,31.2,*,68.5,20.3, ,0,I,999.9,0
54823099999,2019/8/21,2019-08,36.6833333,116.9833333,58,"JINAN TSINAN, CH",77.6,25.3,8,65.3,8,1010,8,990.4,8,16.2,8,3.4,8,7.8,999.9,85.5,29.7,*,70.2,21.2,*,0,I,999.9,0
54823099999,2019/8/22,2019-08,36.6833333,116.9833333,58,"JINAN TSINAN, CH",79.7,26.5,8,63.2,8,1011.1,8,991.6,8,17.1,8,3.4,8,7.8,999.9,87.1,30.6,*,69.6,20.9, ,0,I,999.9,0
54823099999,2019/8/23,2019-08,36.6833333,116.9833333,58,"JINAN TSINAN, CH",79.9,26.6,8,57,8,1011.9,8,992.4,8,18.6,8,3.6,8,5.8,999.9,90.3,32.4,*,72,22.2, ,0,I,999.9,0
54823099999,2019/8/24,2019-08,36.6833333,116.9833333,58,"JINAN TSINAN, CH",77.3,25.2,8,63.6,8,1012.6,8,992.9,8,14.1,8,3.4,8,5.8,999.9,82.4,28,*,73.2,22.9, ,0.01,G,999.9,0
54823099999,2019/8/25,2019-08,36.6833333,116.9833333,58,"JINAN TSINAN, CH",75.3,24.1,8,65.6,8,1012.2,8,992.5,8,12.8,8,2.7,8,3.9,999.9,79.2,26.2,*,72.7,22.6, ,0.01,A,999.9,10000
54823099999,2019/8/26,2019-08,36.6833333,116.9833333,58,"JINAN TSINAN, CH",73.5,23.1,8,61,8,1009.7,8,989.9,8,18.2,8,2.4,8,3.9,999.9,79,26.1,*,70.7,21.5,*,0.01,G,999.9,10000
54823099999,2019/8/27,2019-08,36.6833333,116.9833333,58,"JINAN TSINAN, CH",77.4,25.2,8,67.7,8,1009.1,8,989.6,8,9.7,7,2.2,8,3.9,999.9,84.9,29.4,*,70,21.1, ,0,I,999.9,0
54823099999,2019/8/28,2019-08,36.6833333,116.9833333,58,"JINAN TSINAN, CH",79.4,26.3,8,56.4,8,1008.5,8,989,8,15.8,8,3.6,8,3.9,999.9,90.7,32.6, ,71.1,21.7,*,0,I,999.9,0
54823099999,2019/8/29,2019-08,36.6833333,116.9833333,58,"JINAN TSINAN, CH",75,23.9,8,50,8,1011,8,991.4,8,18.6,8,4.6,8,7.8,999.9,85.1,29.5,*,65.7,18.7,*,0,I,999.9,0
54823099999,2019/8/30,2019-08,36.6833333,116.9833333,58,"JINAN TSINAN, CH",77.3,25.2,7,53.8,7,1013.1,7,993.4,7,18.6,7,4.2,7,5.8,999.9,85.1,29.5,*,65.5,18.6, ,0,I,999.9,0
54823099999,2019/8/31,2019-08,36.6833333,116.9833333,58,"JINAN TSINAN, CH",77.5,25.3,8,59.2,8,1014.4,8,994.7,8,18.6,8,3.9,8,7.8,999.9,85.5,29.7,*,66,18.9, ,0,I,999.9,0
54823099999,2019/9/1,2019-09,36.6833333,116.9833333,58,"JINAN TSINAN, CH",75,23.9,8,64.3,8,1016,8,996.3,8,15.5,7,4.9,8,9.7,999.9,86,30,*,69.3,20.7,*,0.06,G,999.9,10000
54823099999,2019/9/2,2019-09,36.6833333,116.9833333,58,"JINAN TSINAN, CH",77.2,25.1,8,61.4,8,1016.2,8,996.5,8,16.9,8,3.2,8,3.9,999.9,86.4,30.2,*,67.6,19.8, ,0,I,999.9,0
54823099999,2019/9/3,2019-09,36.6833333,116.9833333,58,"JINAN TSINAN, CH",77.4,25.2,8,57.7,8,1013.8,8,994.1,8,18.3,8,4.2,7,5.8,999.9,84.6,29.2,*,68.2,20.1, ,99.99, ,999.9,10000
54823099999,2019/9/4,2019-09,36.6833333,116.9833333,58,"JINAN TSINAN, CH",75.9,24.4,8,60.4,8,1011.1,8,991.5,8,17.9,8,2.9,8,3.9,999.9,87.1,30.6, ,69.1,20.6, ,0,I,999.9,0
54823099999,2019/9/5,2019-09,36.6833333,116.9833333,58,"JINAN TSINAN, CH",77.9,25.5,8,62,8,1008.8,8,989.3,8,15.1,8,3.4,8,5.8,999.9,86.4,30.2,*,69.3,20.7, ,0,I,999.9,0
54823099999,2019/9/6,2019-09,36.6833333,116.9833333,58,"JINAN TSINAN, CH",77.9,25.5,8,61.3,8,1006.8,8,987.3,8,13.7,8,3.2,8,5.8,999.9,88,31.1,*,68.4,20.2,*,0,I,999.9,0
54823099999,2019/9/7,2019-09,36.6833333,116.9833333,58,"JINAN TSINAN, CH",78.8,26,8,62.4,8,1004.7,8,985.2,8,15,8,3.6,8,7.8,999.9,87.8,31,*,67.8,19.9, ,0,I,999.9,0
54823099999,2019/9/8,2019-09,36.6833333,116.9833333,58,"JINAN TSINAN, CH",82.6,28.1,8,61.5,8,1007.2,8,987.8,8,16.8,8,3.9,8,5.8,999.9,92.7,33.7,*,70.7,21.5, ,0,I,999.9,0
54823099999,2019/9/9,2019-09,36.6833333,116.9833333,58,"JINAN TSINAN, CH",82.6,28.1,8,61.4,8,1009.7,8,990.3,8,17.6,8,4.9,8,9.7,999.9,93.2,34,*,72.1,22.3, ,0,I,999.9,0
54823099999,2019/9/10,2019-09,36.6833333,116.9833333,58,"JINAN TSINAN, CH",75.5,24.2,8,63.4,8,1016,8,996.3,8,14.9,8,5.8,8,7.8,999.9,81.9,27.7,*,69.1,20.6,*,0,I,999.9,0
54823099999,2019/9/11,2019-09,36.6833333,116.9833333,58,"JINAN TSINAN, CH",67.2,19.6,8,62,8,1018.5,8,998.4,8,15.6,8,5.1,8,11.7,999.9,71.1,21.7,*,63.7,17.6,*,0.37,G,999.9,10000
54823099999,2019/9/12,2019-09,36.6833333,116.9833333,58,"JINAN TSINAN, CH",68.6,20.3,8,65.9,8,1013.7,8,993.7,8,8.9,7,2.8,7,3.9,999.9,71.6,22,*,63.1,17.3, ,0.2,G,999.9,10000
54823099999,2019/9/13,2019-09,36.6833333,116.9833333,58,"JINAN TSINAN, CH",68.4,20.2,7,66.1,7,1013.5,7,993.5,7,9.4,7,3.1,7,5.8,999.9,72.5,22.5,*,63.9,17.7,*,0.11,G,999.9,10000
54823099999,2019/9/14,2019-09,36.6833333,116.9833333,58,"JINAN TSINAN, CH",72,22.2,8,62.5,8,1016.3,8,996.4,8,15,8,2.4,8,3.9,999.9,77.9,25.5,*,63.3,17.4, ,0.62,G,999.9,10000
54823099999,2019/9/15,2019-09,36.6833333,116.9833333,58,"JINAN TSINAN, CH",69,20.6,8,57,8,1015.4,8,995.5,8,17.4,8,2.7,8,5.8,999.9,75.9,24.4,*,60.8,16,*,0,G,999.9,0
54823099999,2019/9/16,2019-09,36.6833333,116.9833333,58,"JINAN TSINAN, CH",71.9,22.2,8,60.3,8,1016.9,8,996.9,8,17.8,8,3.2,8,5.8,999.9,80.6,27, ,60.4,15.8, ,0,G,999.9,0
54823099999,2019/9/17,2019-09,36.6833333,116.9833333,58,"JINAN TSINAN, CH",70,21.1,8,62.4,8,1019.5,8,999.5,8,12.7,8,3.6,8,5.8,999.9,77.5,25.3,*,62.1,16.7,*,0,A,999.9,0
54823099999,2019/9/18,2019-09,36.6833333,116.9833333,58,"JINAN TSINAN, CH",66.7,19.3,8,49.6,8,1024.5,8,4.3,8,18.6,7,6.1,8,9.7,999.9,77.4,25.2,*,57.4,14.1,*,0,I,999.9,0
54823099999,2019/9/19,2019-09,36.6833333,116.9833333,58,"JINAN TSINAN, CH",66.5,19.2,8,44.9,8,1020.5,8,0.3,8,18.6,8,1.7,8,3.9,999.9,72.5,22.5,*,56.8,13.8, ,0,I,999.9,0
54823099999,2019/9/20,2019-09,36.6833333,116.9833333,58,"JINAN TSINAN, CH",67.9,19.9,8,45.6,8,1018.4,8,998.3,8,18.6,8,2.9,8,3.9,999.9,75.2,24,*,62.1,16.7,*,0,I,999.9,0
54823099999,2019/9/21,2019-09,36.6833333,116.9833333,58,"JINAN TSINAN, CH",70.1,21.2,8,50.2,8,1020.9,8,0.8,8,14.5,8,3.6,8,5.8,999.9,79,26.1,*,61,16.1, ,0,I,999.9,0
54823099999,2019/9/22,2019-09,36.6833333,116.9833333,58,"JINAN TSINAN, CH",68.3,20.2,8,50.7,8,1021,8,0.9,8,17.4,8,5.6,8,9.7,999.9,78.8,26,*,59.4,15.2,*,0,I,999.9,0
54823099999,2019/9/23,2019-09,36.6833333,116.9833333,58,"JINAN TSINAN, CH",72.7,22.6,8,54.2,8,1020.4,8,0.4,8,18.6,8,3.9,8,5.8,999.9,83.3,28.5,*,59.2,15.1, ,0,I,999.9,0
54823099999,2019/9/24,2019-09,36.6833333,116.9833333,58,"JINAN TSINAN, CH",75.4,24.1,8,56.6,8,1020.4,8,0.5,8,18.4,8,3.9,8,5.8,999.9,87.1,30.6,*,64.2,17.9, ,0,I,999.9,0
54823099999,2019/9/25,2019-09,36.6833333,116.9833333,58,"JINAN TSINAN, CH",74,23.3,8,50.3,8,1021,8,1.1,8,18.1,8,3.6,8,5.8,999.9,88,31.1,*,64.8,18.2,*,0,I,999.9,0
54823099999,2019/9/26,2019-09,36.6833333,116.9833333,58,"JINAN TSINAN, CH",74.7,23.7,8,52.3,8,1021.7,8,1.7,8,17.1,8,3.2,8,5.8,999.9,85.6,29.8, ,63.9,17.7, ,0,I,999.9,0
54823099999,2019/9/27,2019-09,36.6833333,116.9833333,58,"JINAN TSINAN, CH",75,23.9,8,56.8,8,1020.2,8,0.3,8,18.6,8,3.4,8,5.8,999.9,84.6,29.2,*,66,18.9, ,0,I,999.9,0
54823099999,2019/9/28,2019-09,36.6833333,116.9833333,58,"JINAN TSINAN, CH",77.2,25.1,8,55.5,8,1017.7,8,997.9,8,18.6,8,5.1,8,7.8,999.9,85.5,29.7,*,67.8,19.9, ,0,I,999.9,0
54823099999,2019/9/29,2019-09,36.6833333,116.9833333,58,"JINAN TSINAN, CH",78.4,25.8,8,54,8,1015.9,8,996.3,8,18.6,8,4.9,8,5.8,999.9,87.3,30.7,*,71.1,21.7, ,0,I,999.9,0
54823099999,2019/9/30,2019-09,36.6833333,116.9833333,58,"JINAN TSINAN, CH",78,25.6,8,52.5,8,1014.9,8,995.2,8,18.6,8,4.9,8,7.8,999.9,87.1,30.6,*,66.6,19.2,*,0,I,999.9,0
54823099999,2019/10/1,2019-10,36.6833333,116.9833333,58,"JINAN TSINAN, CH",76.1,24.5,8,50.4,8,1014.5,8,994.8,8,18.6,8,3.9,8,5.8,999.9,87.8,31, ,64.4,18, ,0,I,999.9,0
54823099999,2019/10/2,2019-10,36.6833333,116.9833333,58,"JINAN TSINAN, CH",73.3,22.9,7,51.5,7,1012.9,7,993,7,17.7,7,3.3,7,5.8,999.9,81.5,27.5,*,63.7,17.6,*,0,I,999.9,0
54823099999,2019/10/3,2019-10,36.6833333,116.9833333,58,"JINAN TSINAN, CH",77.1,25.1,8,51.7,8,1012.5,8,992.8,8,18.4,8,3.4,8,5.8,999.9,88.9,31.6,*,63.7,17.6, ,0,I,999.9,0
54823099999,2019/10/4,2019-10,36.6833333,116.9833333,58,"JINAN TSINAN, CH",58.1,14.5,5,50.6,5,1022.2,5,1.7,5,14.3,5,7.4,5,9.7,999.9,73.9,23.3, ,53.6,12,*,0.36,G,999.9,10000
54823099999,2019/10/5,2019-10,36.6833333,116.9833333,58,"JINAN TSINAN, CH",56.4,13.6,8,39.4,8,1026.5,8,5.8,8,18.6,8,5.6,8,9.7,999.9,64.4,18,*,50.2,10.1,*,0.01,E,999.9,0
54823099999,2019/10/6,2019-10,36.6833333,116.9833333,58,"JINAN TSINAN, CH",51.7,10.9,8,45.9,8,1024.8,8,4,8,9.5,7,2.7,8,3.9,999.9,58.1,14.5,*,48.9,9.4,*,0.35,G,999.9,10000
54823099999,2019/10/7,2019-10,36.6833333,116.9833333,58,"JINAN TSINAN, CH",57.7,14.3,8,49,8,1021.7,8,1.1,8,13,8,3.4,8,5.8,999.9,63.9,17.7,*,48.2,9, ,0.02,E,999.9,0
54823099999,2019/10/8,2019-10,36.6833333,116.9833333,58,"JINAN TSINAN, CH",62.8,17.1,8,50.9,8,1023,8,2.6,8,13.7,8,4.1,8,5.8,999.9,71.6,22,*,54.5,12.5, ,0,I,999.9,0
54823099999,2019/10/9,2019-10,36.6833333,116.9833333,58,"JINAN TSINAN, CH",61.8,16.6,8,54.4,8,1016.7,8,996.4,8,6.9,6,3.6,8,9.7,999.9,69.8,21,*,56.5,13.6, ,0.5,G,999.9,10000
54823099999,2019/10/10,2019-10,36.6833333,116.9833333,58,"JINAN TSINAN, CH",59.5,15.3,8,58.1,8,1015.2,8,994.8,8,3.1,6,2.7,8,5.8,999.9,60.3,15.7,*,56.8,13.8, ,0.04,G,999.9,10000
54823099999,2019/10/11,2019-10,36.6833333,116.9833333,58,"JINAN TSINAN, CH",62.4,16.9,8,58.1,8,1019,8,998.7,8,8.6,7,4.4,8,5.8,999.9,67.5,19.7, ,58.6,14.8, ,0.02,G,999.9,0
54823099999,2019/10/12,2019-10,36.6833333,116.9833333,58,"JINAN TSINAN, CH",61.2,16.2,8,52.4,8,1021.6,8,1.2,8,17,8,4.1,8,5.8,999.9,68,20,*,52,11.1,*,0,G,999.9,0
54823099999,2019/10/13,2019-10,36.6833333,116.9833333,58,"JINAN TSINAN, CH",61.5,16.4,8,48.9,8,1026.9,8,6.4,8,18.6,8,5.8,8,11.7,999.9,74.3,23.5,*,51.6,10.9, ,0,I,999.9,0
54823099999,2019/10/14,2019-10,36.6833333,116.9833333,58,"JINAN TSINAN, CH",49.8,9.9,8,31.6,8,1036.3,8,15.2,8,18.6,8,5.6,8,9.7,999.9,58.3,14.6,*,41,5,*,0,I,999.9,0
54823099999,2019/10/15,2019-10,36.6833333,116.9833333,58,"JINAN TSINAN, CH",53.4,11.9,8,33.4,8,1032.2,8,11.3,8,18.6,8,3.4,8,5.8,999.9,62.1,16.7,*,39.4,4.1, ,0,I,999.9,0
54823099999,2019/10/16,2019-10,36.6833333,116.9833333,58,"JINAN TSINAN, CH",53.6,12,8,40.4,8,1028.2,8,7.3,8,15.9,8,2.4,8,5.8,999.9,57.4,14.1,*,47.5,8.6, ,0,I,999.9,0
54823099999,2019/10/17,2019-10,36.6833333,116.9833333,58,"JINAN TSINAN, CH",56,13.3,8,42.3,8,1025.2,8,4.5,8,12.6,8,3.4,8,3.9,999.9,64.4,18,*,49.5,9.7,*,0,I,999.9,0
54823099999,2019/10/18,2019-10,36.6833333,116.9833333,58,"JINAN TSINAN, CH",57.6,14.2,8,45.9,8,1023.3,8,2.8,8,6.6,8,3.6,8,5.8,999.9,66.2,19,*,48.9,9.4, ,0,I,999.9,0
54823099999,2019/10/19,2019-10,36.6833333,116.9833333,58,"JINAN TSINAN, CH",66.6,19.2,8,46.6,8,1020.7,8,0.5,8,13.8,8,6.6,8,11.7,999.9,72.9,22.7,*,52.2,11.2, ,0,I,999.9,0
54823099999,2019/10/20,2019-10,36.6833333,116.9833333,58,"JINAN TSINAN, CH",66.9,19.4,8,51.3,8,1019.5,8,999.4,8,10.9,8,4.1,8,7.8,999.9,75.6,24.2,*,61,16.1,*,0,I,999.9,0
54823099999,2019/10/21,2019-10,36.6833333,116.9833333,58,"JINAN TSINAN, CH",66,18.9,8,37.4,8,1018.5,8,998.3,8,17,8,3.6,8,5.8,999.9,75.6,24.2,*,59.4,15.2,*,0,I,999.9,0
54823099999,2019/10/22,2019-10,36.6833333,116.9833333,58,"JINAN TSINAN, CH",65.4,18.6,8,49.7,8,1017.9,8,997.7,8,13.7,8,4.1,8,7.8,999.9,73.4,23,*,58.5,14.7, ,0,I,999.9,0
54823099999,2019/10/23,2019-10,36.6833333,116.9833333,58,"JINAN TSINAN, CH",63,17.2,8,51.6,8,1019.2,8,998.9,8,14.5,8,2.9,8,5.8,999.9,72.1,22.3, ,56.7,13.7,*,0,I,999.9,0
54823099999,2019/10/24,2019-10,36.6833333,116.9833333,58,"JINAN TSINAN, CH",62.7,17.1,8,45.4,8,1022.1,8,1.8,8,12.5,8,5.1,8,7.8,999.9,74.7,23.7, ,48.7,9.3,*,0.01,G,999.9,0
54823099999,2019/10/25,2019-10,36.6833333,116.9833333,58,"JINAN TSINAN, CH",47.5,8.6,8,25.8,8,1028.1,8,7.1,8,18.6,8,6.1,7,9.7,999.9,56.7,13.7, ,39.7,4.3,*,0,A,999.9,0
54823099999,2019/10/26,2019-10,36.6833333,116.9833333,58,"JINAN TSINAN, CH",53.8,12.1,8,25,8,1022.7,8,1.9,8,18.6,8,4.9,8,7.8,999.9,63,17.2, ,39.4,4.1, ,0,I,999.9,0
54823099999,2019/10/27,2019-10,36.6833333,116.9833333,58,"JINAN TSINAN, CH",62.8,17.1,8,37.3,8,1015.4,8,995.1,8,18.3,8,7,8,11.7,999.9,69.3,20.7, ,50.9,10.5, ,0,I,999.9,0
54823099999,2019/10/28,2019-10,36.6833333,116.9833333,58,"JINAN TSINAN, CH",56,13.3,8,20.7,8,1016.9,8,996.4,8,16.9,8,3.9,8,5.8,999.9,66.6,19.2, ,44.4,6.9,*,0,I,999.9,0
54823099999,2019/10/29,2019-10,36.6833333,116.9833333,58,"JINAN TSINAN, CH",60.1,15.6,8,19.2,8,1020,8,999.5,8,17.9,8,3.9,8,5.8,999.9,68.7,20.4, ,43.5,6.4, ,0,I,999.9,0
54823099999,2019/10/30,2019-10,36.6833333,116.9833333,58,"JINAN TSINAN, CH",65.9,18.8,8,36.5,8,1018.5,8,998.3,8,15.1,8,4.6,8,7.8,999.9,75,23.9, ,54,12.2, ,0,I,999.9,0
54823099999,2019/10/31,2019-10,36.6833333,116.9833333,58,"JINAN TSINAN, CH",63.6,17.6,8,37.1,8,1021.3,8,1,8,14.5,8,3.3,7,3.9,999.9,77.7,25.4, ,54,12.2,*,0,I,999.9,0
54823099999,2019/11/1,2019-11,36.6833333,116.9833333,58,"JINAN TSINAN, CH",64.6,18.1,8,43.9,8,1022.5,8,2.2,8,10.2,8,3.6,7,5.8,999.9,71.4,21.9, ,53.4,11.9, ,0,I,999.9,0
54823099999,2019/11/2,2019-11,36.6833333,116.9833333,58,"JINAN TSINAN, CH",62.7,17.1,8,49.1,8,1020.3,8,0.1,8,9.5,8,4.3,8,7.8,17.7,72.3,22.4, ,53.4,11.9,*,0.48,G,999.9,10000
54823099999,2019/11/3,2019-11,36.6833333,116.9833333,58,"JINAN TSINAN, CH",51.9,11.1,8,44,8,1026.6,8,5.8,8,14.4,8,6.3,8,9.7,999.9,60.1,15.6, ,45.5,7.5,*,0.28,A,999.9,0
54823099999,2019/11/4,2019-11,36.6833333,116.9833333,58,"JINAN TSINAN, CH",52,11.1,8,37.8,8,1025.6,8,4.8,8,17.9,8,3.4,8,3.9,999.9,63.5,17.5, ,45,7.2, ,0,I,999.9,0
54823099999,2019/11/5,2019-11,36.6833333,116.9833333,58,"JINAN TSINAN, CH",55.7,13.2,8,39.4,8,1021.9,8,1.3,8,14,8,3.2,8,5.8,999.9,65.5,18.6, ,45.3,7.4, ,0,I,999.9,0
54823099999,2019/11/6,2019-11,36.6833333,116.9833333,58,"JINAN TSINAN, CH",56.4,13.6,8,42.8,8,1019.1,8,998.6,8,8.9,8,3.2,8,5.8,999.9,66,18.9, ,49.5,9.7, ,0,I,999.9,0
54823099999,2019/11/7,2019-11,36.6833333,116.9833333,58,"JINAN TSINAN, CH",51.3,10.7,6,40,6,1026.1,6,5.2,6,7.7,6,4.9,6,7.8,999.9,57,13.9,*,42.4,5.8,*,0,I,999.9,0
54823099999,2019/11/8,2019-11,36.6833333,116.9833333,58,"JINAN TSINAN, CH",54.3,12.4,8,43.5,8,1024.9,8,4.1,8,2.7,8,3.9,8,5.8,999.9,62.8,17.1, ,42.4,5.8, ,0,I,999.9,0
54823099999,2019/11/9,2019-11,36.6833333,116.9833333,58,"JINAN TSINAN, CH",58.9,14.9,8,46.5,8,1017.5,8,997,8,2,8,8,8,15.5,999.9,66.4,19.1, ,51.3,10.7, ,0.24,G,999.9,10000
54823099999,2019/11/10,2019-11,36.6833333,116.9833333,58,"JINAN TSINAN, CH",52.8,11.6,8,30.6,8,1012.3,8,991.8,8,11.7,8,5.8,8,9.7,999.9,61.3,16.3, ,47.1,8.4,*,0.24,E,999.9,0
54823099999,2019/11/11,2019-11,36.6833333,116.9833333,58,"JINAN TSINAN, CH",59,15,8,31.6,8,1016.7,8,996.3,8,10.4,8,4.6,8,5.8,999.9,69.6,20.9, ,45.9,7.7, ,0,I,999.9,0
54823099999,2019/11/12,2019-11,36.6833333,116.9833333,58,"JINAN TSINAN, CH",62.9,17.2,8,38.3,8,1018,8,997.7,8,6.3,8,4.6,8,7.8,999.9,72.7,22.6, ,53.4,11.9, ,0.11,G,999.9,10000
54823099999,2019/11/13,2019-11,36.6833333,116.9833333,58,"JINAN TSINAN, CH",48.4,9.1,8,15.1,8,1026,8,5.1,8,10.6,8,6,8,7.8,12,60.8,16, ,39.7,4.3, ,0.1,G,999.9,0
54823099999,2019/11/14,2019-11,36.6833333,116.9833333,58,"JINAN TSINAN, CH",56.5,13.6,8,27.1,8,1016.1,8,995.5,8,13.3,8,7.8,8,13.6,999.9,62.6,17, ,39.7,4.3, ,0,G,999.9,0
54823099999,2019/11/15,2019-11,36.6833333,116.9833333,58,"JINAN TSINAN, CH",52.5,11.4,8,36.9,8,1015.8,8,995.2,8,5.3,7,2.9,8,3.9,999.9,64.8,18.2, ,44.6,7,*,0,I,999.9,0
54823099999,2019/11/16,2019-11,36.6833333,116.9833333,58,"JINAN TSINAN, CH",48.9,9.4,8,44.4,8,1017.5,8,996.6,8,0.9,8,2.5,7,5.8,999.9,56.5,13.6, ,43.7,6.5, ,0.21,G,999.9,10000
54823099999,2019/11/17,2019-11,36.6833333,116.9833333,58,"JINAN TSINAN, CH",45.3,7.4,8,30.8,8,1024.1,8,3,8,3,8,5.3,8,7.8,13.4,56.5,13.6, ,32.9,0.5,*,0,G,999.9,110000
54823099999,2019/11/18,2019-11,36.6833333,116.9833333,58,"JINAN TSINAN, CH",35.6,2,8,6.7,8,1030.2,8,8.6,8,9.4,8,4,8,7,13,50.4,10.2, ,29.7,-1.3, ,0,I,999.9,0
54823099999,2019/11/19,2019-11,36.6833333,116.9833333,58,"JINAN TSINAN, CH",43.6,6.4,8,20.3,8,1029.5,8,8.2,8,7.1,8,3.6,8,5.8,999.9,51.8,11, ,31.6,-0.2, ,0,I,999.9,0
54823099999,2019/11/20,2019-11,36.6833333,116.9833333,58,"JINAN TSINAN, CH",52.3,11.3,8,18.9,8,1027.9,8,7,8,10.5,8,5.7,8,9.7,16.7,57.7,14.3, ,39,3.9, ,0,I,999.9,0
54823099999,2019/11/21,2019-11,36.6833333,116.9833333,58,"JINAN TSINAN, CH",52.8,11.6,8,38.4,8,1024.6,8,3.8,8,7.8,8,4.7,8,7,12.6,61.2,16.2, ,49.3,9.6,*,0,I,999.9,0
54823099999,2019/11/22,2019-11,36.6833333,116.9833333,58,"JINAN TSINAN, CH",58.6,14.8,7,43.5,7,1020.2,7,999.7,7,6.7,7,4.4,7,7.8,999.9,65.1,18.4, ,46.8,8.2, ,0,I,999.9,0
54823099999,2019/11/23,2019-11,36.6833333,116.9833333,58,"JINAN TSINAN, CH",54.8,12.7,7,51.6,7,1020.6,7,0,7,1.3,7,2.9,5,4.9,13.2,60.3,15.7, ,50.5,10.3, ,0.11,G,999.9,110000
54823099999,2019/11/24,2019-11,36.6833333,116.9833333,58,"JINAN TSINAN, CH",38.8,3.8,8,13.1,8,1037,8,15.4,8,14.9,8,8.5,8,13.6,999.9,51.3,10.7, ,29.7,-1.3,*,0.01,G,999.9,10000
54823099999,2019/11/25,2019-11,36.6833333,116.9833333,58,"JINAN TSINAN, CH",33.5,0.8,8,15.1,8,1036.6,8,14.8,8,15,8,3,8,3.9,15.3,45.3,7.4, ,28,-2.2, ,0,G,999.9,0
54823099999,2019/11/26,2019-11,36.6833333,116.9833333,58,"JINAN TSINAN, CH",39.4,4.1,7,22.7,7,1033.3,7,11.7,7,7.1,7,3.9,7,7.8,13.8,46.4,8, ,28.9,-1.7, ,0,G,999.9,0
54823099999,2019/11/27,2019-11,36.6833333,116.9833333,58,"JINAN TSINAN, CH",34.9,1.6,8,21.1,8,1039.2,8,17.4,8,14.3,8,6.1,8,9.1,23.3,46.4,8, ,28.2,-2.1, ,0,G,999.9,0
54823099999,2019/11/28,2019-11,36.6833333,116.9833333,58,"JINAN TSINAN, CH",35.3,1.8,8,17.3,8,1037,8,15.2,8,13.9,8,3.3,8,4.5,14.6,43.2,6.2, ,28,-2.2, ,0,G,999.9,0
54823099999,2019/11/29,2019-11,36.6833333,116.9833333,58,"JINAN TSINAN, CH",40.1,4.5,8,21.2,8,1033.2,8,11.6,8,7.7,8,2.1,8,3.1,999.9,45,7.2, ,30.4,-0.9, ,0,G,999.9,0
54823099999,2019/11/30,2019-11,36.6833333,116.9833333,58,"JINAN TSINAN, CH",39,3.9,8,32.6,8,1029.1,8,7.6,8,3.1,8,3.5,8,5.1,12.6,45,7.2, ,32.4,0.2, ,0.05,G,999.9,10000
54823099999,2019/12/1,2019-12,36.6833333,116.9833333,58,"JINAN TSINAN, CH",35.1,1.7,8,15.4,8,1029.6,8,8,8,11.1,8,2.6,8,4.5,15.5,43.5,6.4, ,29.7,-1.3, ,0.03,G,999.9,0
54823099999,2019/12/2,2019-12,36.6833333,116.9833333,58,"JINAN TSINAN, CH",35.5,1.9,8,6.2,8,1029.9,8,8.2,8,15.8,8,4,8,6.2,15.5,43.5,6.4, ,27.1,-2.7, ,0,G,999.9,0
54823099999,2019/12/3,2019-12,36.6833333,116.9833333,58,"JINAN TSINAN, CH",40.2,4.6,8,11.1,8,1028.7,8,7.3,8,12.1,8,3.5,8,5.8,16.1,49.8,9.9, ,30.7,-0.7, ,0,G,999.9,0
54823099999,2019/12/4,2019-12,36.6833333,116.9833333,58,"JINAN TSINAN, CH",41.2,5.1,8,13.6,8,1033.1,8,11.6,8,11.9,8,3.9,8,5.2,9.7,52.9,11.6, ,33.6,0.9, ,0,G,999.9,0
54823099999,2019/12/5,2019-12,36.6833333,116.9833333,58,"JINAN TSINAN, CH",33,0.6,8,23.2,8,1041.1,8,19.2,8,5.4,8,4.5,8,8,23.1,52.9,11.6, ,25.3,-3.7, ,0,G,999.9,0
54823099999,2019/12/6,2019-12,36.6833333,116.9833333,58,"JINAN TSINAN, CH",34.9,1.6,8,23.5,8,1035.2,8,13.3,8,5.2,8,3.9,8,5.2,14.6,43.7,6.5, ,24.1,-4.4, ,0,G,999.9,0
54823099999,2019/12/7,2019-12,36.6833333,116.9833333,58,"JINAN TSINAN, CH",38.6,3.7,8,29.5,8,1031.3,8,9.8,8,2.1,8,2.3,8,4.1,14,47.8,8.8, ,26.1,-3.3, ,0,G,999.9,0
54823099999,2019/12/8,2019-12,36.6833333,116.9833333,58,"JINAN TSINAN, CH",43.2,6.2,8,31.5,8,1022.5,8,1.3,8,2,8,4.4,8,7.8,21.8,50.9,10.5, ,32.4,0.2, ,0,G,999.9,0
54823099999,2019/12/9,2019-12,36.6833333,116.9833333,58,"JINAN TSINAN, CH",41.7,5.4,8,29.3,8,1019.2,8,998,8,2,8,2.6,7,5.2,12.4,50.9,10.5, ,31.6,-0.2, ,0,G,999.9,100000
54823099999,2019/12/10,2019-12,36.6833333,116.9833333,58,"JINAN TSINAN, CH",41.3,5.2,8,23.7,8,1019.8,8,998.7,8,4.4,8,3.2,8,4.9,16.5,53.2,11.8, ,32.7,0.4, ,0,G,999.9,0
54823099999,2019/12/11,2019-12,36.6833333,116.9833333,58,"JINAN TSINAN, CH",37.6,3.1,8,11.1,8,1027.7,8,6.3,8,12.1,8,4.1,8,6.4,18.3,53.2,11.8, ,28.2,-2.1, ,0,G,999.9,0
54823099999,2019/12/12,2019-12,36.6833333,116.9833333,58,"JINAN TSINAN, CH",44.7,7.1,8,12.1,8,1026.5,8,5.1,8,12.6,8,5.6,8,9.7,26.2,50.9,10.5, ,27.1,-2.7, ,0,G,999.9,0
54823099999,2019/12/13,2019-12,36.6833333,116.9833333,58,"JINAN TSINAN, CH",44.3,6.8,8,22.4,8,1027.8,8,6.6,8,8,8,6,8,9.7,26.2,52.3,11.3, ,29.7,-1.3, ,0,G,999.9,0
54823099999,2019/12/14,2019-12,36.6833333,116.9833333,58,"JINAN TSINAN, CH",40.7,4.8,8,22,8,1030.8,8,9.3,8,9,8,2.7,8,4.3,21,52.3,11.3, ,32.9,0.5, ,0,G,999.9,0
54823099999,2019/12/15,2019-12,36.6833333,116.9833333,58,"JINAN TSINAN, CH",40.8,4.9,8,34.9,8,1024.9,8,3.6,8,3.7,8,2.1,8,3.9,999.9,45.9,7.7, ,34,1.1, ,0.46,G,999.9,10000
54823099999,2019/12/16,2019-12,36.6833333,116.9833333,58,"JINAN TSINAN, CH",38.6,3.7,8,38,8,1019.9,8,998.6,8,0.2,8,2.3,8,3.9,10.3,44.4,6.9, ,34.7,1.5, ,0.13,G,999.9,110000
54823099999,2019/12/17,2019-12,36.6833333,116.9833333,58,"JINAN TSINAN, CH",34.4,1.3,8,25.5,8,1030.5,8,8.9,8,8.2,8,3.9,8,5.6,18.5,41.5,5.3, ,28.8,-1.8, ,0,G,999.9,0
54823099999,2019/12/18,2019-12,36.6833333,116.9833333,58,"JINAN TSINAN, CH",34.4,1.3,8,18.8,8,1031.6,8,9.8,8,12.7,8,3,7,4.3,13.2,39.7,4.3, ,28.2,-2.1, ,0,G,999.9,0
54823099999,2019/12/19,2019-12,36.6833333,116.9833333,58,"JINAN TSINAN, CH",34.3,1.3,7,21.9,7,1031.2,7,9.5,7,8.3,7,4.4,7,7.8,16.5,42.8,6, ,27,-2.8, ,0,G,999.9,0
54823099999,2019/12/20,2019-12,36.6833333,116.9833333,58,"JINAN TSINAN, CH",36.3,2.4,8,24.4,8,1028.3,8,6.6,8,3.3,8,3.5,8,5.8,18.1,42.8,6, ,25.5,-3.6, ,0,G,999.9,0
54823099999,2019/12/21,2019-12,36.6833333,116.9833333,58,"JINAN TSINAN, CH",39.6,4.2,8,28.8,8,1023.3,8,2,8,2.5,8,2.4,8,4.3,18.1,48,8.9, ,26.6,-3, ,0,G,999.9,0
54823099999,2019/12/22,2019-12,36.6833333,116.9833333,58,"JINAN TSINAN, CH",35,1.7,8,31.5,8,1022.5,8,1,8,0.8,8,3.2,8,4.7,15.7,48,8.9, ,30.2,-1, ,0,G,999.9,100000
54823099999,2019/12/23,2019-12,36.6833333,116.9833333,58,"JINAN TSINAN, CH",34.2,1.2,8,26.1,8,1028.5,8,6.8,8,1.9,8,4.2,8,7.4,16.1,43.5,6.4, ,28.4,-2, ,0,G,999.9,0
54823099999,2019/12/24,2019-12,36.6833333,116.9833333,58,"JINAN TSINAN, CH",37.9,3.3,8,27.9,8,1025.8,8,4.3,8,2.5,8,2.5,8,4.9,15.9,43.3,6.3, ,28.2,-2.1, ,0,G,999.9,10000
54823099999,2019/12/25,2019-12,36.6833333,116.9833333,58,"JINAN TSINAN, CH",36.3,2.4,7,33.4,7,1025.2,7,3.7,7,0.9,7,3.5,7,6.4,18.8,41.2,5.1, ,29.1,-1.6, ,0.14,G,999.9,11000
54823099999,2019/12/26,2019-12,36.6833333,116.9833333,58,"JINAN TSINAN, CH",32.3,0.2,8,19.2,8,1027.8,8,6.1,8,8.1,8,4.4,7,6.2,17.5,41.2,5.1, ,28,-2.2, ,0,G,999.9,0
54823099999,2019/12/27,2019-12,36.6833333,116.9833333,58,"JINAN TSINAN, CH",42.2,5.7,8,19.2,8,1022.5,8,1.2,8,9.8,8,6.4,8,9.7,21.8,48.2,9, ,28.2,-2.1, ,0,G,999.9,0
54823099999,2019/12/28,2019-12,36.6833333,116.9833333,58,"JINAN TSINAN, CH",47.8,8.8,8,24.7,8,1019.6,8,998.6,8,7.3,8,8.3,8,9.7,28,55.2,12.9, ,34,1.1, ,0,G,999.9,0
54823099999,2019/12/29,2019-12,36.6833333,116.9833333,58,"JINAN TSINAN, CH",45.3,7.4,8,31.8,8,1022.8,8,1.8,8,8.5,8,5.6,8,8.7,25.8,55.2,12.9, ,34.9,1.6, ,0,G,999.9,0
54823099999,2019/12/30,2019-12,36.6833333,116.9833333,58,"JINAN TSINAN, CH",23.8,-4.6,8,-4.6,8,1040.8,8,18.6,8,17.3,8,6.4,8,8.7,25.1,31.3,-0.4,*,13.6,-10.2, ,0,G,999.9,0
54823099999,2019/12/31,2019-12,36.6833333,116.9833333,58,"JINAN TSINAN, CH",27.2,-2.7,8,-0.8,8,1037.1,8,14.8,8,17.9,8,4.1,8,6.2,20.8,34.3,1.3, ,12.9,-10.6, ,0,G,999.9,0
